SeqID,Sequence,Phase-Sep,HP Sequence,H Composition,B22,Rg,Variance,Mean,,S_<=_0.00,S_<=_1.00,S_<=_1.41,S_<=_2.00,S_<=_2.24,S_<=_2.83,S_<=_3.00,S_<=_3.16,S_<=_3.61,S_<=_4.00,S_<=_4.12,S_<=_4.24,S_<=_4.47,S_<=_5.00,S_<=_5.10,S_<=_5.39,S_<=_5.66,S_<=_5.83,S_<=_6.00,S_<=_6.08,S_<=_6.32,S_<=_6.40,S_<=_6.71,S_<=_7.00,S_<=_7.07,S_<=_7.21,S_<=_7.28,S_<=_7.62,S_<=_7.81,S_<=_8.00,S_<=_8.06,S_<=_8.25,S_<=_8.49,S_<=_8.54,S_<=_8.60,S_<=_8.94,S_<=_9.00,S_<=_9.06,S_<=_9.22,S_<=_9.43,S_<=_9.49,S_<=_9.85,S_<=_9.90,S_<=_10.00,S_<=_10.05,S_<=_10.20,S_<=_10.30,S_<=_10.44,S_<=_10.63,S_<=_10.77,S_<=_10.82,S_<=_11.18,S_<=_11.31,S_<=_11.40,S_<=_11.66,S_<=_12.04,S_<=_12.21,S_<=_12.73,S_<=_12.81,S_<=_13.45,S_<=_14.14
1,12121121121121121212,0,PHPHPPHPPHPPHPPHPHPH,0.4,-1014.5,1.989,0.01755,0.39237,,0.0,1268.35,1293.09,1661.83,1697.92,1705.61,1893.52,1917.51,1922.85,1986.89,1995.77,2000.8,2004.0,2007.1,2041.5,2042.85,2045.86,2048.32,2239.16,2261.15,2265.68,2267.12,2271.38,2334.45,2336.99,2342.65,2344.87,2346.11,2347.49,2448.49,2448.51,2453.67,2455.43,2456.8,2458.09,2459.67,2665.3,2673.01,2675.98,2679.41,2680.35,2680.99,2682.74,2683.38,2792.21,2793.57,2795.41,2795.67,2798.48,2798.62,2800.24,2800.53,2801.87,2802.27,2803.67,2804.32,2805.1,2805.98,2806.98,2807.32,2807.97
2,22111121122121212111,0,HHPPPPHPPHHPHPHPHPPP,0.4,-1026.4,2.151,0.03665,0.37419,,0.0,1735.72,1817.8,3396.83,3539.89,3562.87,4103.11,4188.29,4223.18,4907.95,4958.15,4963.04,4993.8,5012.75,5355.56,5357.35,5365.66,5374.22,5470.45,5476.37,5476.95,5478.1,5481.23,5645.49,5650.28,5662.63,5665.13,5667.93,5671.3,5681.23,5683.95,5685.9,5687.14,5689.39,5690.29,5690.9,5717.53,5718.79,5720.84,5723.2,5727.39,5727.98,5729.44,5730.57,5836.18,5837.61,5838.79,5840.96,5841.78,5843.62,5846.95,5847.34,5848.27,5848.53,5853.19,5856.84,5858.53,5859.28,5862.08,5863.63,5863.82
3,21121121121121121212,0,HPPHPPHPPHPPHPPHPHPH,0.4,-993.3,2.033,0.02019,0.38721,,0.0,2140.12,2237.06,2474.79,2491.49,2496.37,2615.05,2618.35,2621.64,2668.64,2673.2,2673.63,2675.84,2676.99,2724.59,2726.29,2730.13,2731.51,2853.06,2862.8,2863.61,2870.33,2881.6,3050.58,3051.07,3057.8,3061.93,3062.83,3064.35,3090.62,3094.0,3104.37,3105.77,3107.32,3108.1,3109.85,3153.29,3163.61,3167.85,3172.16,3174.67,3176.03,3177.13,3178.64,3217.36,3217.68,3218.46,3218.48,3219.4,3219.93,3220.82,3223.3,3223.71,3225.12,3225.47,3227.3,3228.17,3228.69,3230.26,3230.53,3230.58
4,12121121121121121122,0,PHPHPPHPPHPPHPPHPPHH,0.4,-1002.5,2.124,0.01942,0.35333,,0.0,1423.11,1461.39,1687.37,1706.71,1713.66,1946.38,1958.13,1961.11,2070.09,2075.07,2077.64,2081.37,2087.28,2293.96,2298.69,2301.15,2306.12,2670.4,2681.33,2688.83,2690.43,2692.45,2824.49,2825.48,2832.44,2839.09,2842.21,2843.0,2893.09,2896.24,2898.98,2899.99,2900.73,2901.41,2903.35,3019.53,3021.27,3024.33,3026.7,3027.62,3028.46,3029.29,3030.11,3095.0,3095.57,3097.97,3098.16,3099.4,3100.07,3100.38,3101.32,3101.88,3102.03,3104.05,3105.78,3105.85,3106.76,3107.39,3107.93,3108.0
5,21212112121111212112,0,HPHPHPPHPHPPPPHPHPPH,0.4,-1031.6,2.096,0.0205,0.3488,,0.0,2164.33,2248.08,2257.04,2275.24,2284.24,2788.04,2832.1,2834.66,2876.87,2884.24,2890.43,2891.98,2895.77,2903.36,2905.54,2908.5,2909.86,2981.15,2989.19,2990.43,2993.89,2996.55,2996.68,2998.19,3001.3,3002.92,3008.59,3010.61,3052.17,3053.49,3064.71,3066.3,3066.84,3067.97,3069.07,3186.05,3196.02,3197.01,3199.55,3203.91,3204.46,3205.4,3205.68,3263.44,3264.56,3266.18,3267.18,3267.53,3267.84,3268.74,3268.79,3269.51,3270.63,3270.66,3274.18,3274.23,3277.16,3277.51,3278.32,3279.21
6,12111112222122111211,0,PHPPPPPHHHHPHHPPPHPP,0.4,-1032.1,2.341,0.06844,0.32268,,0.0,8159.13,10179.24,10433.41,10520.92,10521.06,10574.54,10662.06,10685.54,10758.68,10777.3,10784.75,10790.18,10795.64,10815.04,10818.5,10820.54,10830.28,10831.15,10837.07,10842.08,10847.15,10849.16,10871.4,10871.74,10878.99,10886.86,10891.01,10892.96,10897.12,10899.3,10906.51,10907.2,10910.54,10914.14,10917.62,10922.84,10924.49,10924.76,10930.61,10932.35,10933.15,10933.69,10936.28,10937.8,10939.47,10939.75,10940.21,10940.48,10942.99,10943.73,10944.08,10945.51,10946.14,10947.5,10948.58,10949.27,10949.58,10949.72,10950.46,10950.47
7,21112221211211121112,0,HPPPHHHPHPPHPPPHPPPH,0.4,-1011.6,2.287,0.03484,0.33487,,0.0,4150.48,4620.16,4845.79,4873.53,4874.28,5005.97,5026.5,5043.37,5219.7,5255.22,5264.17,5270.58,5275.28,5405.41,5405.92,5408.87,5410.13,5428.54,5433.53,5434.03,5434.29,5437.33,5466.36,5466.98,5479.17,5482.0,5483.56,5485.03,5513.41,5515.16,5517.85,5520.84,5522.98,5523.35,5524.56,5535.41,5538.85,5540.14,5546.03,5547.07,5548.44,5549.22,5550.3,5562.86,5562.94,5565.13,5566.69,5567.14,5567.26,5568.18,5568.87,5569.56,5570.5,5571.01,5571.53,5572.41,5573.12,5573.73,5573.91,5574.1
8,11222121211111212112,0,PPHHHPHPHPPPPPHPHPPH,0.4,-977.3,2.27,0.03965,0.31842,,0.0,4933.4,5194.9,5860.89,5951.74,5953.36,6110.27,6147.97,6167.89,6203.63,6208.33,6211.07,6211.38,6214.11,6214.84,6216.08,6218.85,6224.27,6234.7,6235.36,6236.38,6237.87,6240.77,6249.65,6250.21,6252.77,6253.73,6254.9,6255.36,6283.79,6285.11,6292.73,6293.33,6293.77,6295.51,6295.98,6305.78,6307.85,6308.44,6309.74,6310.09,6310.61,6311.1,6311.27,6335.54,6336.02,6336.99,6337.84,6338.19,6338.42,6339.7,6340.8,6341.56,6342.59,6342.93,6343.11,6343.12,6343.95,6344.11,6344.24,6344.29
9,11211121121222221111,0,PPHPPPHPPHPHHHHHPPPP,0.4,-989.9,2.344,0.05482,0.29511,,0.0,6788.3,8005.35,8314.42,8538.06,8542.41,8562.87,8621.55,8634.37,8638.49,8643.59,8651.55,8655.01,8657.29,8678.15,8681.29,8683.31,8684.58,8697.99,8708.53,8710.84,8712.75,8715.39,8718.24,8718.53,8722.92,8728.86,8731.47,8732.45,8742.77,8743.39,8749.4,8749.44,8750.62,8751.81,8752.29,8756.08,8757.58,8757.68,8758.75,8759.42,8759.79,8760.22,8762.16,8765.03,8765.08,8765.39,8765.41,8765.93,8765.96,8766.6,8766.82,8767.28,8768.14,8768.47,8769.02,8769.76,8769.89,8769.93,8770.53,8771.32
10,12221121112121111212,0,PHHHPPHPPPHPHPPPPHPH,0.4,-989.2,2.249,0.02125,0.30585,,0.0,1877.12,1918.05,2836.37,2939.39,2993.21,3055.65,3084.32,3086.57,3205.38,3214.3,3216.87,3219.79,3224.83,3272.25,3281.92,3282.53,3285.26,3316.65,3319.94,3322.87,3323.44,3325.71,3334.26,3334.45,3339.06,3343.51,3344.58,3345.41,3350.65,3350.65,3355.92,3359.31,3359.59,3361.59,3361.68,3373.27,3375.86,3377.92,3382.91,3384.05,3385.65,3386.07,3386.64,3389.83,3390.61,3392.56,3392.86,3393.12,3393.47,3394.28,3394.6,3395.6,3397.07,3397.53,3397.78,3397.87,3398.47,3398.95,3399.19,3399.49
11,21212121212121212121,1,HPHPHPHPHPHPHPHPHPHP,0.5,-993.5,1.892,0.01225,0.41,,0.0,587.96,658.57,1049.5,1076.44,1078.57,1211.07,1229.05,1235.72,1323.33,1332.88,1334.39,1338.65,1340.2,1417.25,1418.93,1420.53,1420.94,1467.24,1471.69,1475.19,1476.17,1477.82,1505.33,1505.8,1511.28,1512.47,1513.24,1513.9,1557.29,1559.78,1566.25,1566.49,1568.25,1568.56,1568.88,1579.53,1582.72,1583.42,1586.76,1588.86,1589.75,1591.2,1591.47,1944.98,1946.49,1948.19,1948.35,1950.82,1951.4,1952.42,1953.13,1954.43,1955.67,1956.14,1957.31,1957.53,1958.59,1959.11,1960.33,1960.42
12,21121122121221212121,0,HPPHPPHHPHPHHPHPHPHP,0.5,-974.8,2.012,0.0293,0.41474,,0.0,3514.49,3755.93,3788.71,3819.43,3839.54,4001.95,4025.98,4032.9,4218.22,4233.49,4235.45,4243.25,4246.5,4273.89,4275.43,4278.19,4280.64,4296.22,4302.78,4307.85,4312.55,4313.36,4491.96,4493.08,4511.97,4515.02,4516.16,4517.3,4524.89,4525.25,4530.62,4531.66,4532.57,4534.62,4536.48,4633.9,4648.15,4648.72,4654.59,4655.9,4658.01,4658.97,4662.28,4670.81,4671.0,4672.57,4673.05,4676.92,4678.63,4679.99,4680.42,4681.11,4682.91,4683.43,4683.78,4684.3,4688.28,4688.57,4688.69,4688.78
13,11122122212112112122,0,PPPHHPHHHPHPPHPPHPHH,0.5,-992.0,2.122,0.03728,0.36789,,0.0,2065.29,2329.63,4310.35,4418.15,4476.91,4762.82,4806.71,4836.2,5321.24,5343.67,5346.18,5351.39,5366.32,5587.92,5591.91,5597.75,5600.68,5621.61,5633.48,5633.91,5639.02,5640.69,5805.88,5806.71,5820.82,5826.57,5829.18,5829.72,5858.24,5859.1,5865.02,5866.09,5867.46,5871.31,5871.79,5921.44,5925.81,5925.98,5933.3,5939.19,5942.79,5944.67,5946.29,5949.47,5950.17,5950.81,5950.83,5952.28,5952.71,5955.07,5955.33,5955.93,5958.12,5960.77,5962.53,5962.83,5964.02,5964.09,5964.11,5964.31
14,11221121121221211222,0,PPHHPPHPPHPHHPHPPHHH,0.5,-988.8,2.13,0.0327,0.34112,,0.0,2735.72,2782.17,3028.38,3055.95,3071.36,4033.58,4092.24,4109.06,4440.79,4455.39,4472.87,4476.08,4487.03,4785.98,4787.66,4788.14,4793.69,4898.02,4905.99,4909.52,4910.37,4913.33,4922.05,4922.85,4933.54,4937.31,4941.37,4942.69,5079.59,5081.56,5094.47,5095.77,5101.54,5102.18,5103.44,5183.9,5187.48,5188.66,5192.76,5195.22,5196.71,5197.59,5199.36,5217.38,5218.61,5219.51,5221.53,5221.7,5222.15,5223.57,5225.8,5225.82,5227.22,5228.35,5229.85,5230.17,5231.45,5231.57,5232.02,5232.03
15,12111222112221222111,0,PHPPPHHHPPHHHPHHHPPP,0.5,-987.3,2.115,0.048,0.39171,,0.0,5128.71,5795.92,6714.56,6924.97,6939.17,6981.69,7012.64,7019.05,7392.18,7485.53,7485.72,7490.19,7495.54,7588.49,7591.72,7592.27,7598.91,7600.2,7604.7,7607.7,7616.99,7622.88,7624.56,7625.61,7628.52,7629.71,7632.2,7633.44,7633.91,7634.12,7637.65,7638.41,7638.96,7642.17,7642.71,7651.07,7655.34,7656.32,7657.81,7659.84,7662.84,7663.0,7663.71,7670.1,7670.22,7671.04,7672.29,7673.23,7673.46,7673.99,7674.2,7675.19,7676.58,7676.63,7678.36,7678.41,7679.25,7679.76,7679.92,7679.94
16,11222112112112112222,0,PPHHHPPHPPHPPHPPHHHH,0.5,-1022.0,2.189,0.02126,0.30198,,0.0,1526.52,1565.88,2025.27,2072.47,2079.6,2643.28,2661.46,2675.71,2988.53,3002.05,3003.31,3010.39,3012.2,3090.59,3095.62,3096.74,3098.89,3134.62,3140.29,3146.87,3148.72,3152.41,3268.07,3268.62,3282.62,3287.27,3290.55,3291.37,3316.07,3317.69,3320.61,3322.59,3324.01,3324.85,3326.84,3351.06,3352.57,3352.9,3358.77,3359.32,3360.88,3360.99,3363.1,3386.97,3389.04,3389.12,3389.47,3391.07,3391.96,3392.91,3396.14,3397.05,3397.82,3397.94,3398.8,3398.94,3399.75,3400.66,3400.8,3400.8
17,22221122111211221121,0,HHHHPPHHPPPHPPHHPPHP,0.5,-1011.3,2.229,0.03271,0.26686,,0.0,2748.91,2887.33,3533.61,3610.35,3625.34,4406.82,4481.52,4499.28,4745.65,4783.21,4799.54,4802.04,4805.85,4817.2,4818.54,4819.95,4821.82,4920.55,4937.83,4940.87,4946.59,4953.54,5044.91,5046.02,5054.77,5057.63,5059.21,5060.05,5099.38,5100.75,5111.49,5112.29,5116.9,5117.61,5119.39,5189.32,5199.7,5200.12,5205.78,5207.97,5211.13,5211.75,5213.21,5226.61,5227.23,5227.94,5228.24,5229.65,5229.71,5230.14,5230.48,5231.21,5232.46,5232.54,5232.95,5233.21,5233.68,5233.69,5233.87,5233.88
18,22221112222111112112,0,HHHHPPPHHHHPPPPPHPPH,0.5,-1013.6,2.306,0.04807,0.2963,,0.0,3479.65,3904.41,5482.56,5816.61,5848.35,6816.58,7066.6,7092.66,7208.02,7246.63,7247.46,7260.5,7266.1,7327.02,7328.7,7331.29,7335.94,7434.94,7453.04,7459.09,7462.73,7468.55,7507.3,7507.46,7515.3,7521.12,7522.83,7523.52,7574.64,7575.58,7588.31,7588.48,7589.29,7589.75,7591.15,7635.93,7647.41,7648.81,7651.81,7652.58,7653.4,7653.47,7655.29,7683.17,7684.7,7684.94,7686.11,7686.76,7686.99,7687.62,7687.68,7688.01,7688.9,7689.41,7689.47,7689.64,7690.4,7690.65,7690.71,7690.76
19,21221222212121111121,0,HPHHPHHHHPHPHPPPPPHP,0.5,-1000.8,2.267,0.05484,0.30452,,0.0,6376.68,7574.95,7701.77,7777.53,7779.19,8027.8,8095.48,8104.28,8253.49,8324.83,8325.93,8333.33,8338.3,8381.23,8382.71,8383.77,8390.07,8415.67,8438.83,8442.85,8446.86,8449.5,8488.33,8490.05,8501.32,8501.98,8502.23,8503.05,8612.97,8614.07,8656.87,8659.21,8660.08,8663.2,8663.27,8686.48,8695.66,8697.82,8700.67,8701.75,8703.38,8704.42,8704.53,8761.22,8761.9,8764.68,8764.95,8765.85,8765.9,8766.39,8767.25,8767.83,8769.42,8770.58,8771.32,8772.99,8773.67,8774.97,8775.19,8775.2
20,22211122211222111222,1,HHHPPPHHHPPHHHPPPHHH,0.6,-1001.0,2.078,0.01246,0.38441,,0.0,23.1,54.89,834.62,864.38,869.82,1489.68,1501.39,1509.54,1855.59,1867.93,1869.77,1873.59,1874.26,1888.7,1892.52,1892.73,1899.88,1907.06,1912.21,1912.58,1914.62,1915.81,1915.83,1918.61,1922.04,1925.39,1926.78,1928.37,1930.37,1933.23,1940.05,1941.14,1944.1,1948.08,1951.45,1960.66,1964.51,1965.18,1969.42,1970.31,1971.03,1971.87,1975.19,1977.8,1980.55,1981.33,1981.39,1981.98,1982.34,1983.81,1984.84,1985.53,1987.3,1987.65,1988.62,1988.71,1990.88,1991.06,1992.92,1993.24
21,21211122221222121221,0,HPHPPPHHHHPHHHPHPHHP,0.6,-989.9,2.087,0.03829,0.39318,,0.0,4991.18,5258.82,5615.88,5679.81,5684.71,5748.16,5751.64,5752.08,5913.24,5921.12,5931.92,5945.07,5947.27,5965.43,5970.95,5973.42,5977.68,5989.3,5997.68,6001.93,6009.31,6012.28,6025.87,6027.56,6041.12,6043.04,6043.57,6045.33,6050.14,6055.99,6063.68,6064.17,6066.37,6072.19,6076.46,6093.47,6097.53,6097.88,6101.48,6102.46,6104.12,6104.57,6107.67,6112.74,6114.11,6115.64,6116.97,6119.09,6119.16,6120.91,6121.39,6121.87,6122.31,6123.7,6124.95,6124.96,6125.12,6126.13,6126.22,6126.25
22,12121122121222211222,0,PHPHPPHHPHPHHHHPPHHH,0.6,-1003.6,2.105,0.03252,0.35715,,0.0,3175.35,3359.51,3553.98,3574.25,3582.67,4236.24,4318.54,4341.59,4640.07,4686.92,4691.97,4701.23,4703.91,4900.65,4906.14,4910.1,4910.73,4943.5,4947.45,4949.9,4952.85,4953.83,4959.79,4960.0,4963.09,4964.4,4966.93,4967.05,5065.47,5066.65,5095.19,5095.82,5097.33,5099.2,5101.31,5115.51,5117.59,5118.41,5120.34,5123.09,5124.58,5125.56,5126.35,5182.09,5185.12,5187.52,5188.52,5189.3,5191.32,5192.1,5192.72,5193.26,5194.65,5195.05,5196.85,5197.48,5199.0,5200.47,5202.96,5203.19
23,22221122122212112121,0,HHHHPPHHPHHHPHPPHPHP,0.6,-990.2,2.117,0.03175,0.33018,,0.0,2399.56,2728.65,3687.57,3832.59,3838.73,4284.05,4320.11,4327.5,4586.49,4625.82,4628.0,4633.74,4635.35,4680.14,4683.4,4685.23,4686.38,4811.24,4833.91,4835.39,4838.51,4841.66,4894.46,4897.05,4905.58,4907.83,4908.53,4909.79,4936.63,4941.12,4946.37,4950.38,4951.12,4951.52,4952.62,5037.68,5046.96,5047.33,5049.64,5050.34,5052.87,5053.96,5056.19,5070.76,5072.19,5072.58,5073.32,5074.43,5074.6,5075.76,5075.84,5076.7,5077.43,5078.39,5079.44,5079.56,5080.29,5080.36,5080.51,5080.52
24,22221112212212222111,0,HHHHPPPHHPHHPHHHHPPP,0.6,-997.2,2.066,0.02447,0.39539,,0.0,107.62,144.48,1718.94,1791.37,1800.98,3131.14,3147.92,3175.17,3347.87,3361.38,3381.39,3385.35,3388.94,3426.46,3432.12,3433.24,3436.88,3603.25,3610.91,3611.69,3614.68,3619.86,3650.57,3650.8,3654.2,3655.93,3658.86,3660.08,3791.83,3793.83,3801.41,3804.57,3808.2,3810.52,3816.8,3855.19,3856.69,3858.03,3864.34,3869.23,3873.3,3873.83,3874.42,3893.83,3894.91,3898.86,3901.48,3904.11,3904.66,3905.52,3906.37,3907.34,3908.85,3909.18,3910.65,3913.26,3914.12,3914.97,3915.93,3915.97
25,22221121222112222111,0,HHHHPPHPHHHPPHHHHPPP,0.6,-1017.6,2.059,0.01973,0.415,,0.0,175.98,215.58,756.39,823.13,840.3,2602.41,2664.0,2685.24,2772.66,2783.19,2789.64,2807.17,2816.39,2897.47,2902.22,2903.19,2909.64,2969.24,2971.08,2973.9,2979.8,2990.14,3016.62,3020.54,3023.35,3024.5,3025.86,3028.05,3079.24,3080.24,3086.22,3087.66,3090.38,3093.45,3094.88,3113.4,3115.84,3116.13,3117.71,3119.56,3119.97,3120.59,3121.8,3146.67,3146.92,3148.21,3148.99,3150.47,3150.54,3151.29,3151.94,3152.16,3153.78,3154.24,3155.32,3155.74,3155.78,3155.95,3156.3,3156.38
26,22221122211222211112,0,HHHHPPHHHPPHHHHPPPPH,0.6,-975.0,2.107,0.03196,0.36068,,0.0,1597.33,1649.61,3313.53,3486.91,3556.14,4391.08,4491.15,4516.84,4721.93,4752.87,4757.44,4768.65,4769.82,4815.36,4818.83,4818.94,4830.22,4880.36,4886.18,4895.67,4899.22,4901.81,4971.03,4973.06,4977.79,4979.84,4982.32,4984.45,5018.76,5019.2,5024.48,5025.65,5029.81,5032.34,5033.61,5062.6,5064.19,5065.83,5071.42,5072.31,5073.54,5074.39,5076.16,5100.85,5101.95,5102.65,5102.89,5103.93,5104.0,5108.06,5108.81,5109.16,5110.31,5110.31,5110.82,5111.69,5112.46,5113.16,5114.03,5114.16
27,12212122222221111212,0,PHHPHPHHHHHHHPPPPHPH,0.6,-1017.9,2.173,0.04628,0.37331,,0.0,6071.79,6479.7,7026.1,7193.13,7200.64,7203.92,7206.25,7208.76,7293.32,7316.68,7317.55,7317.96,7322.39,7323.82,7325.28,7326.18,7326.9,7341.28,7343.02,7344.77,7347.8,7350.21,7352.28,7353.32,7355.93,7360.31,7363.7,7363.98,7366.37,7368.26,7376.07,7376.14,7377.47,7378.75,7379.09,7382.16,7384.59,7385.3,7386.91,7387.76,7390.15,7390.3,7390.67,7394.19,7394.29,7395.12,7397.66,7399.48,7399.57,7400.18,7400.49,7400.97,7401.21,7401.48,7402.47,7403.57,7403.87,7404.84,7405.24,7405.58
28,22211222221221121121,0,HHHPPHHHHHPHHPPHPPHP,0.6,-1007.9,2.162,0.04319,0.35974,,0.0,4766.48,5216.67,5321.92,5377.34,5390.41,5911.55,6024.92,6032.92,6322.03,6412.98,6417.93,6421.64,6438.06,6571.21,6575.55,6582.36,6588.44,6617.89,6623.28,6630.89,6635.95,6636.82,6701.27,6701.5,6719.21,6720.25,6720.72,6721.84,6762.7,6765.38,6776.78,6777.04,6778.57,6779.5,6780.12,6855.88,6872.47,6874.74,6877.73,6882.4,6885.23,6886.32,6886.88,6894.71,6895.02,6895.96,6895.97,6896.3,6896.64,6897.75,6898.06,6901.08,6903.68,6904.2,6906.43,6906.85,6907.32,6908.58,6909.4,6909.62
29,21111221222222211212,0,HPPPPHHPHHHHHHHPPHPH,0.6,-1020.6,2.164,0.04422,0.34825,,0.0,5761.13,6503.74,6541.85,6614.76,6618.08,6824.68,6862.1,6867.16,6899.12,6909.33,6912.32,6916.68,6917.55,6940.71,6944.98,6946.76,6947.68,6958.98,6962.38,6966.64,6973.95,6976.24,6986.35,6992.66,7002.54,7003.19,7003.65,7004.78,7009.2,7009.66,7012.95,7015.57,7016.51,7018.18,7018.39,7037.5,7051.78,7053.29,7055.38,7055.86,7056.99,7057.57,7058.18,7060.81,7061.04,7062.54,7062.99,7066.36,7066.5,7066.99,7068.28,7069.12,7070.28,7070.95,7072.18,7073.89,7075.02,7075.81,7075.97,7075.99
30,12111122222122121222,0,PHPPPPHHHHHPHHPHPHHH,0.6,-987.9,2.14,0.04108,0.34747,,0.0,2953.2,3274.01,5534.63,5781.09,5836.3,5918.84,5931.91,5956.59,6114.4,6132.47,6135.08,6144.82,6148.19,6230.26,6235.6,6236.1,6236.27,6330.23,6336.21,6341.99,6343.24,6344.59,6405.32,6405.88,6419.62,6425.4,6426.71,6429.4,6431.99,6434.06,6436.57,6437.42,6437.76,6438.31,6439.9,6519.78,6525.01,6526.34,6527.86,6528.04,6528.39,6529.05,6530.59,6562.23,6565.08,6565.42,6565.53,6565.74,6565.75,6567.39,6568.23,6568.32,6568.75,6568.8,6570.29,6570.63,6572.56,6572.84,6573.05,6573.05
31,22222211222112112121,0,HHHHHHPPHHHPPHPPHPHP,0.6,-1022.7,2.202,0.03382,0.31623,,0.0,2910.1,3141.26,4360.86,4478.39,4501.78,4796.06,4857.33,4880.2,4919.35,4927.81,4930.95,4936.92,4938.1,5155.73,5168.77,5169.75,5171.43,5213.1,5217.13,5224.58,5226.09,5226.56,5258.2,5258.46,5262.24,5263.2,5265.23,5266.59,5318.96,5321.49,5335.24,5335.31,5336.0,5336.71,5337.53,5367.13,5371.44,5373.15,5377.41,5380.63,5381.11,5381.19,5382.32,5403.52,5405.39,5405.79,5406.16,5407.01,5407.09,5408.33,5408.58,5408.68,5409.38,5409.45,5409.57,5409.76,5409.97,5410.1,5410.51,5410.93
32,22221221221212212222,1,HHHHPHHPHHPHPHHPHHHH,0.75,-1002.3,1.998,0.00868,0.35536,,0.0,1005.71,1097.43,1116.43,1142.68,1143.19,1191.71,1197.07,1201.52,1217.3,1220.79,1222.54,1225.28,1230.19,1290.69,1292.01,1293.79,1296.89,1297.33,1301.97,1303.34,1303.9,1305.97,1320.4,1320.67,1325.78,1326.81,1329.2,1332.39,1347.57,1348.14,1351.96,1352.57,1355.46,1357.22,1357.57,1361.4,1364.56,1366.03,1367.33,1369.66,1370.23,1371.32,1371.42,1372.65,1372.72,1375.94,1377.71,1378.18,1378.65,1379.17,1379.21,1379.74,1381.18,1382.53,1383.72,1385.15,1386.12,1387.02,1388.05,1388.05
33,21212222222221212221,1,HPHPHHHHHHHHHPHPHHHP,0.75,-999.8,2.036,0.02592,0.37921,,0.0,3664.67,3865.57,3912.81,3926.06,3928.62,3955.0,3972.91,3982.22,3984.85,3987.66,3992.54,3997.83,4003.2,4024.67,4026.89,4029.78,4034.03,4039.59,4042.92,4044.71,4045.51,4047.74,4061.32,4062.43,4069.1,4070.98,4071.91,4072.65,4078.94,4082.55,4091.08,4091.78,4092.47,4092.69,4093.35,4101.56,4103.31,4103.78,4110.98,4111.79,4111.81,4112.22,4113.49,4134.67,4135.47,4135.88,4136.18,4141.37,4141.39,4141.81,4142.03,4142.23,4142.66,4143.61,4144.12,4144.29,4146.26,4146.3,4147.67,4147.85
34,22122122222222212211,0,HHPHHPHHHHHHHHHPHHPP,0.75,-1027.3,2.035,0.02064,0.38945,,0.0,2527.32,2682.52,2753.38,2772.19,2787.05,2913.29,2934.42,2944.85,2993.05,3011.77,3015.38,3018.13,3018.98,3067.61,3069.53,3071.0,3074.73,3181.18,3186.67,3188.03,3189.32,3193.55,3225.6,3226.25,3231.31,3233.03,3238.8,3241.32,3241.91,3243.4,3248.62,3249.63,3250.49,3251.35,3252.12,3262.06,3266.67,3268.74,3270.68,3272.46,3272.7,3272.93,3273.75,3290.62,3291.41,3292.32,3294.14,3294.57,3297.49,3298.71,3299.09,3299.15,3299.83,3300.56,3302.05,3302.07,3302.89,3302.89,3303.19,3303.2
35,12122222222222212112,0,PHPHHHHHHHHHHHHPHPPH,0.75,-994.7,2.062,0.03918,0.38268,,0.0,5326.14,5902.3,6108.68,6149.57,6152.33,6170.52,6182.48,6183.17,6186.83,6191.0,6191.66,6192.86,6193.83,6202.84,6205.78,6208.78,6211.73,6212.53,6215.21,6216.63,6217.11,6218.4,6220.16,6220.51,6224.01,6225.29,6225.77,6227.2,6230.56,6231.77,6241.9,6242.26,6242.31,6243.83,6244.89,6249.05,6249.72,6249.88,6255.25,6256.31,6257.25,6257.29,6258.81,6258.89,6259.14,6259.66,6259.93,6261.31,6261.32,6261.96,6262.2,6263.04,6264.81,6265.86,6266.62,6267.94,6267.98,6268.68,6268.96,6268.98
36,22222222221222121211,0,HHHHHHHHHHPHHHPHPHPP,0.75,-999.0,2.087,0.02572,0.33831,,0.0,2895.37,3042.16,3546.49,3677.68,3695.36,3802.45,3808.4,3816.17,3846.28,3848.66,3851.15,3855.38,3858.61,3931.46,3937.51,3941.78,3942.51,3951.8,3953.82,3954.72,3956.63,3959.4,3991.77,3995.12,4006.11,4010.81,4013.22,4013.91,4034.65,4035.09,4039.91,4042.41,4043.75,4044.56,4046.65,4084.73,4089.4,4090.41,4093.31,4096.86,4099.71,4100.38,4101.17,4103.41,4105.78,4107.31,4107.32,4108.03,4108.74,4110.24,4110.63,4111.43,4112.28,4112.62,4113.72,4114.05,4114.21,4114.71,4115.1,4115.22
37,11212122122222222222,0,PPHPHPHHPHHHHHHHHHHH,0.75,-991.5,2.108,0.03382,0.3571,,0.0,4125.63,4376.37,4714.06,4785.39,4791.96,4991.35,5023.08,5025.96,5095.91,5098.43,5099.27,5109.43,5110.51,5219.53,5222.09,5222.67,5223.94,5250.34,5253.69,5254.74,5256.37,5257.96,5289.51,5290.16,5294.85,5296.06,5297.3,5298.45,5358.9,5360.37,5365.44,5366.23,5366.81,5368.52,5369.87,5383.47,5386.07,5386.96,5388.01,5388.67,5390.4,5390.71,5391.74,5401.69,5401.74,5403.03,5403.82,5404.16,5404.59,5405.45,5405.78,5406.45,5406.79,5406.85,5408.07,5409.07,5409.3,5410.53,5410.56,5410.57
38,11211222212222222222,0,PPHPPHHHHPHHHHHHHHHH,0.75,-977.6,2.096,0.03718,0.37116,,0.0,3911.49,4084.23,4828.48,4943.06,4972.15,5359.95,5416.45,5421.07,5512.72,5525.76,5527.49,5529.76,5532.32,5664.88,5669.98,5670.16,5672.95,5714.11,5728.23,5729.57,5731.54,5732.66,5808.44,5809.28,5820.56,5826.69,5827.37,5830.15,5852.14,5854.64,5857.15,5858.89,5859.0,5862.05,5862.53,5906.44,5914.22,5914.77,5918.72,5920.43,5922.59,5924.02,5924.32,5936.46,5937.79,5938.73,5938.89,5939.21,5939.23,5939.63,5941.98,5942.81,5944.32,5944.37,5945.72,5946.27,5947.23,5947.3,5948.3,5948.35
39,11212121222222222222,0,PPHPHPHPHHHHHHHHHHHH,0.75,-983.7,2.125,0.03214,0.31343,,0.0,3707.33,4189.84,4453.78,4520.34,4536.02,4682.08,4709.39,4716.76,4849.04,4855.68,4855.8,4858.83,4861.2,4925.38,4926.8,4926.97,4928.32,4978.93,4987.48,4987.87,4988.25,4989.94,5024.74,5025.88,5031.3,5034.67,5035.68,5037.85,5067.92,5068.35,5076.47,5076.77,5078.05,5078.69,5079.78,5113.22,5118.15,5118.75,5121.43,5124.45,5126.51,5127.33,5128.19,5133.78,5133.83,5134.3,5134.71,5134.91,5135.13,5135.32,5135.46,5135.65,5137.48,5137.51,5139.78,5140.68,5141.53,5142.04,5142.81,5142.89
40,22222222111122222222,1,HHHHHHHHPPPPHHHHHHHH,0.8,-989.2,2.064,0.01206,0.35135,,0.0,894.67,900.74,1785.46,1792.63,1821.28,1830.87,1833.48,1836.78,1860.15,1869.35,1870.17,1875.87,1878.01,1882.49,1883.11,1884.4,1885.26,1886.96,1890.37,1892.63,1893.27,1894.89,1896.04,1896.27,1898.84,1899.93,1900.17,1900.44,1907.03,1907.98,1910.34,1910.64,1910.93,1911.97,1912.54,1912.76,1914.35,1914.85,1915.67,1916.16,1916.69,1917.18,1918.28,1920.27,1920.54,1921.09,1921.09,1922.16,1922.35,1923.38,1924.08,1924.27,1925.74,1926.59,1928.37,1928.58,1929.83,1929.85,1930.05,1930.12
41,11221222222222222212,0,PPHHPHHHHHHHHHHHHHPH,0.8,-1002.1,2.027,0.03774,0.38551,,0.0,5228.9,5545.01,5757.58,5842.86,5854.55,5855.64,5860.17,5861.82,5873.98,5882.19,5887.55,5888.42,5891.61,5921.01,5923.12,5924.28,5928.14,5952.86,5960.61,5963.49,5966.88,5967.5,5977.69,5979.65,5983.28,5984.86,5986.72,5988.2,5990.47,5991.51,5994.23,5994.75,5996.97,5997.58,5999.01,6019.43,6020.53,6021.11,6022.09,6023.15,6023.41,6024.08,6024.39,6032.15,6032.31,6032.47,6032.87,6034.24,6034.76,6035.15,6035.43,6035.9,6036.06,6036.43,6037.64,6038.24,6038.45,6038.53,6039.05,6039.13
42,11222222222222222211,0,PPHHHHHHHHHHHHHHHHPP,0.8,-1004.8,2.01,0.03118,0.40225,,0.0,3584.57,3926.01,4704.43,4766.69,4791.46,4867.34,4891.02,4895.34,4903.06,4910.64,4913.64,4917.89,4918.7,4923.39,4924.27,4926.06,4929.72,4930.6,4936.33,4938.18,4941.0,4942.68,4943.0,4945.48,4949.71,4952.35,4954.74,4955.62,4963.31,4966.23,4967.64,4968.63,4969.74,4970.01,4970.3,4971.48,4971.78,4971.81,4974.54,4975.33,4976.43,4976.43,4976.89,4978.31,4980.42,4980.85,4982.1,4983.09,4983.59,4983.96,4985.62,4985.66,4986.37,4986.73,4987.74,4987.96,4988.08,4988.11,4988.31,4988.55
43,11122122222222222222,0,PPPHHPHHHHHHHHHHHHHH,0.8,-1008.4,2.059,0.02999,0.36223,,0.0,3555.49,3848.9,4153.1,4194.44,4209.92,4363.66,4391.08,4396.98,4484.15,4506.3,4519.28,4523.16,4525.73,4628.25,4631.5,4631.89,4636.94,4651.04,4656.7,4657.88,4658.74,4664.04,4687.39,4688.65,4696.3,4698.09,4702.39,4704.12,4733.59,4734.32,4742.58,4742.73,4746.27,4747.11,4747.5,4771.8,4774.76,4778.17,4778.49,4778.86,4779.25,4779.36,4779.61,4784.36,4784.46,4786.04,4786.08,4789.03,4789.4,4790.63,4790.7,4791.31,4793.48,4793.8,4795.86,4796.74,4797.37,4798.62,4798.68,4798.73
44,11112222222222222222,0,PPPPHHHHHHHHHHHHHHHH,0.8,-977.0,2.063,0.03519,0.37477,,0.0,4137.08,4530.45,5064.42,5145.4,5151.57,5339.28,5368.38,5377.18,5430.16,5438.46,5443.69,5449.87,5451.72,5485.98,5489.88,5490.3,5494.1,5505.98,5508.98,5509.96,5510.78,5511.58,5542.61,5544.71,5555.69,5557.01,5558.56,5560.06,5581.8,5582.66,5587.56,5590.25,5593.32,5593.98,5596.54,5602.93,5606.19,5608.4,5611.39,5612.52,5613.07,5613.86,5614.53,5623.14,5623.25,5624.65,5624.93,5625.99,5626.1,5626.69,5626.77,5627.24,5627.55,5628.56,5628.86,5629.03,5629.85,5630.13,5630.44,5630.46
45,22222222222222222222,1,HHHHHHHHHHHHHHHHHHHH,1.0,-981.0,1.962,0.00376,0.37221,,0.0,206.86,238.55,380.02,393.37,399.03,436.74,467.67,474.96,485.05,488.53,489.06,495.29,496.59,511.5,518.7,523.2,527.57,539.29,540.56,542.36,543.93,545.24,548.24,549.22,553.2,555.98,557.67,558.54,562.32,562.98,565.71,566.1,568.55,572.32,573.14,573.64,578.69,580.01,581.77,584.57,586.16,586.21,586.7,589.49,590.17,591.69,592.43,593.99,594.41,596.52,596.91,597.12,598.04,598.43,599.38,599.88,600.23,600.8,601.12,601.2
46,12111222221212122122,0,PHPPPHHHHHPHPHPHHPHH,0.6,-991.0,2.094,0.03342,0.36112,,0.0,2540.15,2665.64,4564.96,4676.76,4750.09,4783.45,4808.1,4820.27,4869.07,4883.83,4886.27,4892.45,4900.26,4963.1,4971.36,4978.8,4983.72,5107.47,5118.32,5123.27,5124.99,5130.63,5161.94,5162.88,5177.94,5191.23,5194.45,5200.0,5229.81,5233.32,5239.9,5240.19,5244.78,5247.14,5250.43,5253.3,5263.88,5270.13,5274.8,5275.89,5276.57,5280.45,5281.5,5319.65,5323.66,5324.08,5324.43,5327.18,5332.95,5335.96,5336.19,5338.04,5338.21,5339.63,5340.83,5340.87,5341.16,5342.93,5345.72,5346.58
47,22122212221121121212,0,HHPHHHPHHHPPHPPHPHPH,0.6,-977.8,2.14,0.0218,0.31895,,0.0,2831.19,3084.25,3090.53,3096.07,3100.14,3190.7,3198.35,3199.15,3214.41,3220.03,3223.47,3224.83,3225.38,3369.1,3369.85,3370.07,3373.68,3387.38,3391.08,3392.04,3394.89,3395.76,3429.4,3430.61,3439.55,3440.34,3440.79,3441.01,3451.88,3452.13,3456.23,3456.49,3457.4,3458.38,3459.03,3473.0,3474.41,3475.73,3477.31,3478.57,3479.15,3479.7,3479.83,3480.5,3480.77,3481.96,3482.75,3482.89,3483.44,3483.69,3483.9,3484.15,3486.04,3486.91,3487.48,3487.57,3487.66,3487.99,3488.07,3488.08
48,22122221211221211122,1,HHPHHHHPHPPHHPHPPPHH,0.6,-1003.8,2.112,0.03121,0.35074,,0.0,3495.64,3657.84,4337.91,4386.65,4399.11,4498.36,4528.78,4542.12,4586.85,4629.72,4632.39,4638.15,4646.74,4710.81,4721.78,4724.42,4726.14,4759.31,4767.82,4770.71,4771.56,4773.92,4844.9,4846.24,4864.92,4868.67,4869.92,4872.45,4892.81,4897.7,4900.98,4903.91,4910.97,4911.43,4914.84,4919.53,4921.42,4925.37,4928.21,4932.57,4932.97,4933.96,4935.32,4957.2,4960.71,4964.94,4966.46,4968.13,4969.76,4972.4,4978.97,4979.77,4983.11,4984.93,4988.36,4988.41,4990.18,4991.08,4992.32,4992.82
49,21221222111221212122,1,HPHHPHHHPPPHHPHPHPHH,0.6,-1009.3,2.029,0.01183,0.39154,,0.0,801.0,853.45,1045.18,1084.17,1085.77,1448.25,1466.95,1476.73,1554.75,1564.0,1568.6,1569.05,1573.16,1753.79,1755.04,1758.78,1759.99,1776.18,1780.02,1781.55,1784.06,1786.31,1801.37,1801.44,1806.92,1807.74,1809.45,1810.77,1816.67,1817.35,1824.48,1825.6,1828.07,1828.66,1829.5,1868.77,1873.43,1874.6,1875.75,1877.14,1877.34,1877.95,1878.95,1880.19,1881.64,1883.5,1883.59,1884.25,1884.5,1885.01,1885.55,1885.63,1887.13,1887.94,1889.43,1891.88,1892.18,1892.44,1892.99,1893.02
50,22221112122122121212,1,HHHHPPPHPHHPHHPHPHPH,0.6,-1018.0,2.071,0.02005,0.35366,,0.0,48.75,88.91,2321.23,2362.13,2411.08,2817.12,2850.3,2869.03,2895.73,2908.95,2912.15,2919.68,2923.19,2957.21,2960.91,2964.7,2973.06,2995.35,2998.59,3002.51,3008.78,3009.98,3048.09,3049.39,3057.36,3065.89,3066.61,3068.96,3137.77,3138.7,3145.31,3146.02,3150.07,3151.06,3156.06,3158.12,3159.09,3161.1,3170.11,3170.73,3174.99,3177.09,3177.59,3185.9,3186.63,3189.14,3189.32,3196.56,3197.31,3197.69,3198.96,3199.68,3201.08,3201.2,3203.42,3204.32,3206.26,3206.39,3208.31,3208.33
51,22121222121211122122,1,HHPHPHHHPHPHPPPHHPHH,0.6,-987.8,2.074,0.01426,0.3701,,0.0,1578.1,1610.8,1997.21,2041.16,2053.05,2066.01,2070.69,2076.02,2131.69,2135.33,2147.56,2148.68,2150.32,2175.28,2176.71,2177.24,2178.36,2181.51,2183.57,2184.25,2185.03,2186.84,2200.73,2201.66,2204.72,2205.65,2206.26,2208.23,2224.33,2224.84,2226.46,2229.52,2231.09,2233.54,2235.09,2249.78,2252.77,2253.13,2254.72,2256.69,2259.0,2259.2,2259.59,2274.13,2274.56,2275.03,2275.36,2276.22,2276.41,2276.62,2276.7,2277.7,2279.06,2279.92,2280.41,2280.5,2281.21,2281.71,2281.77,2281.87
52,22222112111222111222,1,HHHHHPPHPPPHHHPPPHHH,0.6,-994.5,2.153,0.01373,0.32225,,0.0,1071.13,1086.46,1856.3,1878.85,1884.93,1975.9,1978.75,1985.4,2056.31,2059.91,2061.88,2070.12,2074.0,2095.1,2098.07,2100.62,2103.61,2125.62,2130.5,2136.45,2138.75,2139.19,2143.46,2144.04,2147.67,2148.73,2149.95,2151.23,2154.45,2156.84,2161.29,2162.14,2163.3,2163.73,2165.62,2175.41,2176.33,2176.59,2177.78,2178.05,2179.45,2180.45,2182.07,2185.05,2185.53,2185.96,2186.83,2186.97,2187.66,2189.12,2190.07,2191.62,2192.37,2193.68,2193.91,2193.95,2194.8,2195.51,2195.84,2196.0
53,12122221221211122221,0,PHPHHHHPHHPHPPPHHHHP,0.6,-1011.5,2.048,0.02027,0.41884,,0.0,346.39,435.39,2124.9,2165.32,2215.61,2849.07,2857.41,2879.61,2920.78,2947.32,2967.59,2989.48,2998.39,3048.23,3056.55,3061.88,3063.76,3079.68,3084.31,3086.05,3086.62,3089.15,3101.86,3104.95,3111.52,3119.1,3127.02,3132.52,3146.68,3149.14,3157.89,3159.39,3160.68,3169.55,3170.44,3183.98,3188.65,3191.65,3200.72,3208.81,3215.2,3215.57,3219.4,3221.3,3222.15,3225.33,3225.78,3226.89,3226.97,3228.91,3229.22,3231.7,3233.86,3234.39,3235.0,3235.55,3237.32,3237.49,3243.3,3243.52
54,22122121121222112122,1,HHPHHPHPPHPHHHPPHPHH,0.6,-1020.0,2.044,0.0062,0.39863,,0.0,41.98,70.27,586.01,602.59,613.2,766.81,785.7,789.21,799.23,803.78,806.14,812.08,813.34,845.52,849.76,850.04,850.38,864.34,865.24,866.86,868.74,869.15,910.04,911.41,915.62,916.79,917.25,917.81,952.75,954.35,958.3,958.95,959.14,959.99,960.76,967.3,970.33,970.72,974.01,975.16,975.2,975.39,978.25,978.6,978.99,984.61,984.64,985.15,985.48,987.16,987.4,988.33,989.35,989.62,990.21,990.33,990.48,991.47,992.36,992.57
55,21222121212112212221,1,HPHHHPHPHPHPPHHPHHHP,0.6,-982.3,2.005,0.01095,0.39687,,0.0,562.19,580.27,1247.15,1257.33,1271.5,1388.55,1393.27,1409.02,1457.34,1459.28,1462.43,1463.82,1464.98,1517.9,1520.11,1520.7,1523.77,1608.63,1611.66,1612.29,1616.31,1616.51,1617.31,1617.69,1622.15,1623.36,1623.86,1625.49,1647.19,1647.82,1649.42,1650.66,1651.0,1652.47,1652.74,1664.61,1665.38,1665.86,1669.43,1671.12,1672.96,1675.6,1676.67,1731.18,1734.21,1738.62,1739.52,1741.98,1742.88,1744.0,1745.57,1747.11,1747.37,1747.37,1747.85,1748.45,1748.93,1749.23,1752.22,1752.27
56,21221221122112212212,1,HPHHPHHPPHHPPHHPHHPH,0.6,-1024.6,1.954,0.00791,0.41833,,0.0,115.0,263.37,666.6,711.71,718.61,811.12,823.36,826.05,863.36,866.04,872.26,876.02,883.68,1024.06,1027.77,1028.15,1029.5,1151.02,1154.96,1155.99,1157.16,1160.56,1188.77,1189.32,1196.35,1200.95,1202.3,1202.78,1208.73,1209.44,1215.25,1219.11,1223.74,1228.84,1229.71,1233.55,1238.26,1239.28,1244.12,1247.22,1247.75,1248.54,1249.32,1253.29,1253.86,1253.93,1254.84,1255.75,1256.83,1257.23,1257.23,1257.42,1258.54,1258.9,1261.46,1262.89,1263.33,1264.7,1265.31,1265.48
57,21221212122121212212,1,HPHHPHPHPHHPHPHPHHPH,0.6,-981.4,1.949,0.00428,0.36777,,0.0,77.22,153.4,219.81,235.2,237.31,449.39,475.25,485.45,491.95,510.38,513.82,519.9,520.56,524.02,524.15,525.07,525.72,538.57,543.19,547.02,548.19,548.78,551.82,552.2,564.08,565.1,566.13,567.85,605.27,606.06,609.62,609.82,611.54,612.62,613.14,663.1,665.94,668.4,671.15,671.73,673.75,673.93,674.82,675.62,675.84,676.56,676.6,677.56,679.75,680.17,680.65,681.07,681.2,681.76,684.26,684.49,685.22,685.3,685.49,685.49
58,21221221212122122121,1,HPHHPHHPHPHPHHPHHPHP,0.6,-998.5,1.943,0.01975,0.42506,,0.0,921.92,923.59,2296.85,2390.19,2394.77,2481.16,2523.42,2529.8,2701.49,2708.03,2710.65,2717.75,2722.7,2771.23,2776.68,2777.01,2780.48,2801.89,2808.89,2810.21,2812.73,2814.93,2826.5,2828.78,2834.16,2837.89,2838.81,2839.32,3040.51,3040.62,3050.84,3051.99,3054.13,3054.95,3060.15,3066.01,3070.44,3072.12,3074.79,3078.22,3081.36,3083.13,3083.6,3140.64,3141.82,3144.13,3145.38,3147.52,3148.17,3148.36,3150.48,3151.22,3154.13,3156.03,3156.49,3156.59,3157.61,3158.82,3158.87,3160.62
59,22212212221221221222,1,HHHPHHPHHHPHHPHHPHHH,0.75,-982.3,1.977,0.00238,0.3928,,0.0,56.86,89.24,115.89,149.02,153.28,155.86,168.93,174.44,198.25,205.22,206.11,209.87,214.94,217.8,221.01,221.38,223.12,306.68,313.55,315.23,316.78,317.39,322.53,323.37,325.67,326.37,327.27,327.81,341.92,343.38,346.39,346.58,350.61,350.81,351.81,354.18,355.79,356.65,360.25,361.72,364.54,364.75,365.47,367.92,369.67,370.86,371.93,374.31,374.62,375.62,375.66,378.23,378.78,378.88,378.96,379.04,379.3,380.31,381.3,381.5
60,12221222122212221222,1,PHHHPHHHPHHHPHHHPHHH,0.75,-1024.6,1.965,0.00957,0.40347,,0.0,962.63,1001.34,1051.0,1070.02,1078.92,1152.98,1163.3,1167.9,1181.37,1193.28,1194.51,1195.37,1195.59,1391.76,1393.77,1394.12,1396.3,1403.04,1406.12,1407.0,1407.81,1409.54,1418.21,1420.21,1423.61,1425.13,1426.24,1427.56,1441.62,1442.83,1446.62,1449.57,1450.47,1453.26,1454.24,1466.57,1467.12,1468.25,1468.82,1469.16,1471.58,1472.33,1474.78,1520.46,1521.23,1522.0,1522.21,1523.73,1523.74,1524.07,1524.39,1524.56,1525.48,1525.5,1526.34,1527.34,1530.09,1530.34,1531.2,1531.21
61,22212122211221222222,1,HHHPHPHHHPPHHPHHHHHH,0.75,-976.7,2.031,0.00628,0.3513,,0.0,527.02,570.43,765.39,791.35,793.23,811.63,813.9,816.97,867.25,871.24,872.22,876.6,878.08,909.63,910.58,913.09,914.58,945.37,950.89,953.29,956.57,957.49,960.06,960.51,961.52,964.28,964.38,966.64,977.82,980.02,980.85,981.32,983.39,983.72,984.35,988.03,989.63,989.88,992.58,993.81,994.31,994.53,995.03,995.55,995.94,996.34,997.7,999.16,999.94,1000.27,1000.59,1000.83,1002.31,1002.77,1004.28,1004.4,1004.58,1004.72,1004.89,1005.29
62,22122222212122122221,1,HHPHHHHHHPHPHHPHHHHP,0.75,-979.5,1.997,0.00989,0.36063,,0.0,685.58,720.93,1293.84,1321.35,1342.38,1344.12,1352.59,1358.56,1411.0,1420.52,1423.83,1425.61,1428.2,1472.43,1474.78,1475.43,1476.19,1493.16,1495.02,1496.32,1497.44,1499.79,1512.82,1513.24,1518.16,1518.96,1519.83,1521.36,1537.48,1538.91,1543.75,1544.89,1548.15,1551.03,1552.57,1553.0,1554.35,1557.29,1560.9,1561.92,1563.19,1564.25,1565.98,1566.12,1568.53,1571.57,1572.96,1575.02,1575.33,1575.76,1576.32,1577.34,1578.73,1578.88,1580.08,1580.65,1581.07,1582.09,1582.21,1582.22
63,22222121221222122212,1,HHHHHPHPHHPHHHPHHHPH,0.75,-996.9,1.992,0.00767,0.36105,,0.0,70.63,173.72,837.75,853.51,866.7,951.35,959.42,964.75,1010.61,1012.26,1020.35,1025.2,1028.09,1126.64,1127.23,1127.47,1128.9,1129.43,1132.27,1132.81,1132.95,1133.96,1162.25,1162.44,1166.23,1168.29,1170.6,1170.88,1177.42,1177.84,1180.59,1181.47,1182.28,1184.34,1186.21,1200.42,1201.74,1204.54,1205.06,1205.48,1206.38,1206.94,1207.99,1214.35,1217.73,1218.12,1218.15,1219.08,1219.28,1219.42,1220.56,1223.41,1224.8,1224.91,1225.76,1226.51,1226.94,1227.08,1227.4,1227.86
64,22212122222212221221,1,HHHPHPHHHHHHPHHHPHHP,0.75,-984.6,2.01,0.01882,0.37101,,0.0,2011.79,2113.61,2223.58,2230.84,2240.78,2750.64,2761.65,2768.28,2795.16,2798.49,2805.4,2806.75,2808.25,2823.03,2824.66,2825.35,2826.09,2872.24,2879.62,2880.44,2881.45,2885.71,2902.53,2903.84,2909.04,2910.17,2911.25,2912.11,2920.29,2920.95,2921.61,2922.74,2925.96,2926.06,2926.68,2965.23,2973.88,2974.5,2982.08,2983.43,2985.53,2988.6,2990.89,3000.85,3001.16,3002.22,3003.32,3003.86,3004.09,3006.82,3006.98,3007.03,3008.15,3008.57,3009.38,3009.4,3010.08,3011.09,3011.2,3011.3
65,21212222122222122221,1,HPHPHHHHPHHHHHPHHHHP,0.75,-999.5,1.991,0.02473,0.39833,,0.0,2749.2,3294.2,3462.8,3473.91,3475.1,3702.81,3730.94,3741.16,3775.38,3777.51,3779.08,3780.58,3785.11,3807.44,3809.69,3813.78,3819.59,3820.3,3827.0,3827.66,3828.67,3829.79,3867.49,3867.89,3872.46,3877.92,3881.59,3881.98,3882.31,3884.22,3893.16,3893.77,3895.72,3897.58,3899.97,3915.83,3918.99,3921.22,3924.94,3925.3,3926.03,3926.38,3928.82,3940.07,3941.56,3942.31,3943.86,3947.27,3947.9,3949.33,3950.18,3950.96,3951.34,3952.75,3952.91,3953.95,3954.98,3955.7,3956.32,3956.43
66,21222121222122212222,1,HPHHHPHPHHHPHHHPHHHH,0.75,-997.6,1.992,0.01357,0.37217,,0.0,871.84,1138.64,1397.46,1408.12,1418.26,1629.35,1657.74,1671.52,1900.38,1928.68,1930.67,1944.08,1946.51,1973.03,1976.91,1978.23,1981.38,2031.45,2035.05,2039.02,2040.68,2041.81,2049.9,2050.93,2052.75,2053.86,2056.8,2059.49,2094.89,2095.27,2099.8,2102.22,2104.27,2104.61,2105.32,2136.22,2137.3,2138.16,2144.74,2145.68,2147.72,2148.44,2149.33,2150.36,2152.19,2153.97,2155.52,2156.39,2157.21,2159.8,2160.8,2163.12,2165.43,2166.03,2167.74,2167.84,2169.55,2171.5,2171.7,2171.71
67,22121222212222222221,1,HHPHPHHHHPHHHHHHHHHP,0.8,-1021.5,1.996,0.01193,0.40121,,0.0,1333.05,1358.1,1466.49,1529.35,1531.71,1566.9,1586.37,1589.03,1710.47,1716.32,1722.36,1726.53,1742.84,1752.78,1759.93,1763.87,1766.56,1780.08,1786.51,1788.78,1789.66,1792.95,1795.08,1796.56,1807.79,1809.33,1812.15,1814.52,1817.67,1819.44,1822.82,1823.72,1824.89,1828.84,1830.39,1845.01,1849.0,1856.33,1862.49,1869.68,1871.12,1872.54,1873.06,1876.55,1877.66,1879.59,1880.52,1884.27,1884.54,1892.0,1892.19,1894.18,1898.04,1899.97,1900.99,1901.32,1906.0,1906.28,1907.1,1908.71
68,22122222212222212212,1,HHPHHHHHHPHHHHHPHHPH,0.8,-1005.9,1.991,0.0152,0.38435,,0.0,1407.19,1600.65,1825.08,1926.31,1970.15,2053.7,2079.28,2087.24,2183.91,2196.05,2198.1,2207.05,2208.92,2251.55,2254.58,2263.22,2264.68,2300.14,2308.72,2310.83,2318.04,2321.04,2324.8,2326.99,2333.13,2342.8,2348.01,2353.76,2362.72,2364.38,2371.51,2372.27,2375.95,2377.87,2383.39,2385.91,2386.38,2390.39,2392.82,2393.49,2397.59,2398.35,2399.11,2407.09,2408.79,2413.68,2414.14,2415.91,2416.74,2416.94,2418.32,2419.18,2421.91,2421.94,2427.92,2428.76,2429.74,2430.81,2431.76,2431.95
69,22222122212222121222,1,HHHHHPHHHPHHHHPHPHHH,0.8,-987.6,1.992,0.01092,0.38156,,0.0,897.78,1005.51,1277.37,1359.03,1370.58,1403.34,1420.2,1435.68,1490.55,1505.37,1508.27,1511.37,1512.41,1529.43,1535.42,1536.93,1540.6,1580.16,1585.91,1589.25,1591.12,1592.81,1622.58,1626.29,1632.91,1637.19,1637.92,1640.2,1667.82,1669.82,1677.6,1678.77,1680.48,1683.52,1686.48,1690.92,1692.62,1694.93,1707.29,1709.44,1709.57,1710.59,1711.06,1723.5,1724.25,1726.9,1728.37,1731.72,1732.39,1733.57,1733.62,1737.12,1738.16,1738.96,1740.22,1740.52,1741.86,1744.15,1746.36,1747.02
70,21221122222222221222,1,HPHHPPHHHHHHHHHHPHHH,0.8,-1003.8,2.039,0.02316,0.37869,,0.0,3003.61,3146.93,3283.46,3322.0,3326.58,3339.28,3355.59,3360.8,3451.08,3464.76,3465.16,3467.55,3470.81,3582.87,3584.61,3584.75,3587.74,3603.27,3613.13,3614.79,3616.2,3617.67,3617.89,3618.03,3623.66,3623.78,3625.11,3626.78,3640.91,3645.92,3647.72,3648.47,3652.47,3653.88,3656.3,3669.29,3671.18,3672.96,3674.94,3678.59,3679.62,3680.04,3683.71,3689.22,3689.84,3691.66,3691.78,3694.1,3694.86,3697.47,3698.28,3699.72,3700.86,3700.89,3701.97,3703.16,3705.11,3705.31,3705.45,3705.45
71,21122222122222221222,1,HPPHHHHHPHHHHHHHPHHH,0.8,-1019.0,1.999,0.01913,0.41372,,0.0,2020.42,2144.38,2395.99,2494.34,2506.65,2700.82,2720.2,2724.4,2812.8,2814.87,2820.2,2820.91,2826.95,2878.29,2882.45,2888.93,2892.33,2898.78,2903.91,2908.61,2911.05,2916.8,2917.32,2917.34,2922.08,2932.12,2934.35,2936.86,2946.9,2947.49,2952.55,2953.81,2959.32,2962.93,2975.58,2991.72,2997.24,3002.86,3005.41,3006.59,3010.45,3013.23,3015.47,3039.8,3040.68,3042.86,3042.91,3045.39,3046.97,3049.53,3051.86,3052.08,3052.52,3053.35,3056.2,3057.26,3058.53,3059.31,3060.45,3060.84
72,22212221222212221222,1,HHHPHHHPHHHHPHHHPHHH,0.8,-978.5,1.972,0.005,0.38542,,0.0,304.3,365.22,375.36,436.57,457.47,516.32,524.05,530.2,553.84,563.83,565.48,573.19,577.45,641.96,642.89,644.89,650.44,655.91,669.74,682.48,683.14,687.67,688.78,690.03,697.8,701.45,703.67,705.61,710.88,712.43,729.33,729.54,733.13,734.71,735.31,750.17,757.66,761.18,767.92,770.25,775.45,776.17,778.0,782.24,785.82,786.7,789.25,792.12,792.17,794.08,794.08,795.76,797.95,798.25,799.26,799.26,799.53,799.67,799.89,800.1
