seq_id,sequence,average_lambda,net_charge_per_residue,charged_fraction,B2,Rg,var_C,mean_C,S,<=,S,<=,0.00,S,<=,S,<=,1.00,S,<=,S,<=,1.41,S,<=,S,<=,2.00,S,<=,S,<=,2.24,S,<=,S,<=,2.83,S,<=,S,<=,3.00,S,<=,S,<=,3.16,S,<=,S,<=,3.61,S,<=,S,<=,4.00,S,<=,S,<=,4.12,S,<=,S,<=,4.24,S,<=,S,<=,4.47,S,<=,S,<=,5.00,S,<=,S,<=,5.10,S,<=,S,<=,5.39,S,<=,S,<=,5.66,S,<=,S,<=,5.83,S,<=,S,<=,6.00,S,<=,S,<=,6.08,S,<=,S,<=,6.32,S,<=,S,<=,6.40,S,<=,S,<=,6.71,S,<=,S,<=,7.00,S,<=,S,<=,7.07,S,<=,S,<=,7.21,S,<=,S,<=,7.28,S,<=,S,<=,7.62,S,<=,S,<=,7.81,S,<=,S,<=,8.00,S,<=,S,<=,8.06,S,<=,S,<=,8.25,S,<=,S,<=,8.49,S,<=,S,<=,8.54,S,<=,S,<=,8.60,S,<=,S,<=,8.94,S,<=,S,<=,9.00,S,<=,S,<=,9.06,S,<=,S,<=,9.22,S,<=,S,<=,9.43,S,<=,S,<=,9.49,S,<=,S,<=,9.85,S,<=,S,<=,9.90,S,<=,S,<=,10.00,S,<=,S,<=,10.05,S,<=,S,<=,10.20,S,<=,S,<=,10.30,S,<=,S,<=,10.44,S,<=,S,<=,10.63,S,<=,S,<=,10.77,S,<=,S,<=,10.82,S,<=,S,<=,11.18,S,<=,S,<=,11.31,S,<=,S,<=,11.40,S,<=,S,<=,11.66,S,<=,S,<=,12.04,S,<=,S,<=,12.21,S,<=,S,<=,12.73,S,<=,S,<=,12.81,S,<=,S,<=,13.45,S,<=,S,<=,14.14
0,RRRKKKFKWQTLWAEETEEEE,0.432857143,0.0476,0.619,-92995,9.2069,8.5338e-05,0.1137,0.0000,5.7008,8.9881,12.9157,13.5772,13.6489,14.8260,15.2770,15.3193,15.7002,15.8448,15.8523,15.8837,15.9731,16.0279,16.0431,16.0480,16.0544,16.0741,16.1203,16.1385,16.1529,16.1627,16.1832,16.2267,16.2302,16.2451,16.2465,16.2493,16.2577,16.3529,16.3582,16.3647,16.3705,16.3715,16.3741,16.3911,16.4154,16.4439,16.4458,16.4475,16.4594,16.4647,16.4715,16.5349,16.5470,16.5476,16.5528,16.5608,16.5634,16.5725,16.5754,16.5790,16.5815,16.5828,16.5839,16.5861,16.5863,16.5896,16.5952,16.5967
1,KRTRLYKLIIIFLWLLDDDDD,0.59047619,0.0476,0.4286,-92671,9.8978,1.0370e-04,0.1187,0.0000,1.2454,10.2344,13.3666,15.2993,15.3212,15.7437,16.8828,16.9327,17.1689,17.8900,17.9053,17.9235,18.0397,18.5424,18.5600,18.5713,18.5935,18.6718,18.9643,18.9803,18.9896,19.0006,19.0504,19.3137,19.3191,19.3243,19.3345,19.3377,19.3649,19.5836,19.5899,19.5916,19.6007,19.6061,19.6100,19.6349,19.8348,19.8480,19.8494,19.8609,19.8667,19.8670,19.9029,20.1173,20.1242,20.1277,20.1301,20.1349,20.1397,20.1418,20.1438,20.1458,20.1519,20.1561,20.1571,20.1601,20.1623,20.1635,20.1658,20.1672
2,DTDDYYDTYTYYYFLLRKKKK,0.604761905,0.0476,0.4286,-92517,9.6472,1.1130e-04,0.1184,0.0000,2.8464,11.9827,14.5289,16.8240,16.8563,17.1455,18.4002,18.4491,18.6794,19.2418,19.2538,19.2745,19.4333,19.8856,19.9040,19.9338,19.9525,20.0109,20.3760,20.3937,20.3984,20.4290,20.4884,20.7392,20.7461,20.7722,20.7847,20.7902,20.8138,21.0459,21.0646,21.0664,21.0884,21.0922,21.0985,21.1493,21.3230,21.3308,21.3366,21.3475,21.3506,21.3513,21.3613,21.5573,21.5799,21.5867,21.6013,21.6075,21.6108,21.6146,21.6173,21.6189,21.6217,21.6304,21.6323,21.6349,21.6365,21.6424,21.6447,21.6455
3,EDDDWIMFWMTHGWTKRKRRR,0.585714286,0.0952,0.4762,-92345,9.3624,7.3320e-05,0.1119,0.0000,3.6297,6.4799,10.9663,11.4247,11.4870,12.2374,12.5157,12.5237,12.8505,12.9897,13.0141,13.0217,13.1664,13.2952,13.3019,13.3031,13.3132,13.4085,13.4995,13.5003,13.5036,13.5149,13.6470,13.7139,13.7245,13.7278,13.7321,13.7345,13.7847,13.8425,13.8438,13.8452,13.8500,13.8525,13.8536,14.0093,14.0961,14.0983,14.0989,14.1020,14.1030,14.1034,14.1655,14.2247,14.2258,14.2271,14.2304,14.2360,14.2401,14.2433,14.2478,14.2491,14.2506,14.2528,14.2529,14.2547,14.2550,14.2563,14.2571,14.2594
4,EEEEFYIYETYWHYFYFKRRK,0.566666667,0.0476,0.4286,-92312,10.0837,1.6548e-04,0.1138,0.0000,16.4855,24.8401,27.0747,28.1793,28.1807,29.0247,29.7279,29.7862,29.9476,30.3769,30.4099,30.4451,30.5551,30.8762,30.9066,30.9120,30.9206,30.9654,31.1696,31.1906,31.2060,31.2135,31.2599,31.4219,31.4291,31.4457,31.4553,31.4659,31.5141,31.6782,31.6860,31.6879,31.7028,31.7121,31.7161,31.7479,31.8860,31.8986,31.9006,31.9142,31.9193,31.9193,31.9642,32.1131,32.1281,32.1314,32.1364,32.1404,32.1492,32.1550,32.1562,32.1604,32.1686,32.1693,32.1740,32.1761,32.1776,32.1804,32.1828,32.1829
5,RRRKMTFWWWTFLVEEFMEEE,0.542857143,0.0476,0.4286,-91650,10.1598,1.3658e-04,0.1097,0.0000,6.8266,16.4863,18.8122,20.3324,20.4125,22.0514,22.8009,22.8527,23.5173,23.9515,23.9607,23.9990,24.3931,24.6985,24.7131,24.7155,24.7388,24.9728,25.2100,25.2266,25.2388,25.2432,25.4058,25.6072,25.6182,25.6322,25.6342,25.6410,25.8020,25.9521,25.9565,25.9579,25.9631,25.9642,25.9692,26.1265,26.2464,26.2687,26.2717,26.2762,26.2817,26.2835,26.3858,26.5088,26.5201,26.5213,26.5231,26.5252,26.5334,26.5339,26.5356,26.5368,26.5414,26.5444,26.5464,26.5488,26.5512,26.5548,26.5595,26.5622
6,RRKYLLPWYIILYLAYWDDDD,0.661904762,0.0476,0.3333,-91554,10.2578,1.1861e-04,0.129,0.0000,5.6882,12.2204,15.5132,17.6161,17.6481,18.9737,19.7716,19.8017,20.3871,20.8382,20.8513,20.8704,21.0838,21.3323,21.3407,21.3433,21.3558,21.5300,21.7786,21.7992,21.8023,21.8043,21.9247,22.1329,22.1353,22.1549,22.1637,22.1668,22.2990,22.5255,22.5316,22.5338,22.5397,22.5442,22.5478,22.6532,22.7863,22.8018,22.8036,22.8069,22.8091,22.8105,22.8987,23.0269,23.0385,23.0404,23.0439,23.0445,23.0480,23.0486,23.0496,23.0513,23.0522,23.0531,23.0555,23.0581,23.0597,23.0647,23.0665,23.0678
7,RWWCYWRPWYWWWRPWYPWWY,0.866666667,0.1429,0.1429,-91471,11.6118,2.9686e-04,0.1681,0.0000,30.2707,40.8877,43.1257,47.5642,47.8898,49.9314,51.8259,52.1315,52.5185,53.7043,53.7639,53.9338,54.1768,54.9041,54.9886,55.0126,55.0511,55.1059,55.5979,55.6466,55.6603,55.6975,55.8060,56.2248,56.2385,56.2860,56.3151,56.3309,56.4383,56.7769,56.8123,56.8226,56.8500,56.8633,56.8819,56.8878,57.1261,57.1647,57.1780,57.2012,57.2129,57.2251,57.3103,57.5860,57.6340,57.6485,57.6637,57.6672,57.6759,57.6785,57.6872,57.6923,57.6970,57.7026,57.7102,57.7180,57.7196,57.7304,57.7321,57.7345
8,KRKKKFWQWFQWMMEIWFEEE,0.557142857,0.0476,0.4286,-91384,10.1639,9.2684e-05,0.1089,0.0000,4.0288,11.8933,13.2605,15.0782,15.0877,15.4652,16.1437,16.1605,16.2474,16.5913,16.5945,16.6284,16.6478,16.9276,16.9414,16.9419,16.9537,16.9790,17.1894,17.1999,17.2149,17.2198,17.2437,17.4539,17.4585,17.4781,17.4835,17.4910,17.5054,17.6564,17.6680,17.6713,17.6806,17.6864,17.6883,17.6958,17.8226,17.8312,17.8368,17.8446,17.8478,17.8509,17.8682,17.9880,17.9935,17.9959,18.0005,18.0031,18.0038,18.0052,18.0078,18.0084,18.0094,18.0099,18.0101,18.0115,18.0146,18.0220,18.0224,18.0252
9,KRKKKTLNQWFLMLWDIDDEE,0.528571429,0.0,0.4762,-90729,9.405,6.2495e-05,0.1137,0.0000,1.3651,5.7535,9.1813,9.6167,9.6387,10.2003,10.7984,10.8282,10.9512,11.2133,11.2214,11.2379,11.2911,11.4682,11.4713,11.4736,11.4788,11.4980,11.6274,11.6284,11.6378,11.6402,11.6514,11.8075,11.8108,11.8148,11.8162,11.8231,11.8237,11.9149,11.9173,11.9180,11.9210,11.9259,11.9283,11.9293,12.0273,12.0307,12.0331,12.0343,12.0369,12.0390,12.0450,12.1180,12.1187,12.1245,12.1273,12.1317,12.1336,12.1340,12.1377,12.1405,12.1428,12.1431,12.1475,12.1496,12.1497,12.1519,12.1534,12.1541
10,YDDDMEWTYFYMWTTKRKKYK,0.595238095,0.0476,0.4286,-90533,9.8824,9.3510e-05,0.1179,0.0000,2.3380,8.9619,12.2468,13.2976,13.3175,14.5950,15.5088,15.5372,15.9549,16.4300,16.4501,16.4629,16.5835,16.9096,16.9275,16.9414,16.9455,17.0470,17.2733,17.2819,17.2859,17.2939,17.3569,17.4998,17.5058,17.5091,17.5109,17.5169,17.5988,17.7047,17.7127,17.7154,17.7189,17.7198,17.7331,17.8050,17.9295,17.9355,17.9361,17.9405,17.9473,17.9486,18.0290,18.1385,18.1472,18.1492,18.1521,18.1532,18.1607,18.1618,18.1654,18.1706,18.1707,18.1724,18.1753,18.1791,18.1792,18.1811,18.1842,18.1860
11,WDDDDILLLNVLYWPKRKKKL,0.595238095,0.0476,0.4286,-90203,9.5807,8.9625e-05,0.1189,0.0000,0.5061,4.9699,11.6712,12.2783,12.3324,13.6977,14.4480,14.5290,15.0735,15.4382,15.4548,15.4784,15.7249,15.9864,15.9944,15.9988,16.0056,16.1969,16.3722,16.3774,16.3789,16.3812,16.5207,16.7142,16.7202,16.7289,16.7379,16.7402,16.8510,16.9808,16.9855,16.9869,16.9900,16.9909,16.9935,17.0810,17.1900,17.2060,17.2089,17.2152,17.2179,17.2195,17.3017,17.4051,17.4063,17.4071,17.4082,17.4090,17.4111,17.4121,17.4133,17.4139,17.4174,17.4196,17.4238,17.4275,17.4283,17.4290,17.4301,17.4304
12,PWLYWWWPFPWPPIFPWPPPP,0.838095238,0.0,0.0,-89974,10.9068,3.5711e-04,0.1656,0.0000,44.1816,50.0531,57.3616,61.4597,61.7424,62.6604,64.3878,64.7541,65.0469,65.6094,65.6905,65.8037,66.1892,66.5732,66.6979,66.7376,66.7826,66.9921,67.3218,67.4073,67.4254,67.4662,67.6076,67.9062,67.9180,68.0092,68.0276,68.0385,68.1151,68.3301,68.3878,68.4057,68.4150,68.4282,68.4488,68.5783,68.8095,68.8735,68.8781,68.8897,68.8929,68.8958,69.0225,69.2489,69.3205,69.3349,69.3537,69.3618,69.3897,69.3943,69.4073,69.4097,69.4153,69.4226,69.4291,69.4339,69.4355,69.4424,69.4511,69.4520
13,LLPWFTPPPWWWLWWPPWGPP,0.819047619,0.0,0.0,-88790,10.9637,4.7838e-04,0.172,0.0000,63.0058,72.3107,79.0664,83.5992,83.9882,85.2174,86.8851,87.1913,87.4894,88.6815,88.7203,88.9128,89.2558,89.8244,89.9705,89.9789,90.0183,90.1356,90.6335,90.7498,90.7793,90.8118,90.9422,91.2346,91.2604,91.3263,91.3476,91.3744,91.4563,91.8757,91.9316,91.9438,91.9605,91.9710,92.0063,92.0495,92.3426,92.4076,92.4259,92.4499,92.4706,92.4783,92.5522,92.8247,92.9062,92.9200,92.9446,92.9515,92.9658,92.9772,92.9839,92.9877,92.9959,93.0021,93.0062,93.0100,93.0134,93.0226,93.0345,93.0352
14,RRRKYMTKWQTEWWFEFEEEE,0.495238095,0.0476,0.5238,-88736,9.7587,1.0184e-04,0.1132,0.0000,0.2506,8.6038,13.0737,15.3103,15.3255,16.1246,16.6837,16.7201,17.1760,17.5853,17.5904,17.6052,17.7991,18.1527,18.1883,18.1906,18.2116,18.3307,18.5914,18.6029,18.6157,18.6254,18.7296,18.9377,18.9416,18.9487,18.9572,18.9631,19.0414,19.2254,19.2364,19.2391,19.2452,19.2516,19.2546,19.3159,19.5046,19.5184,19.5204,19.5331,19.5355,19.5355,19.6308,19.7788,19.7870,19.7874,19.7913,19.7921,19.7930,19.7946,19.7954,19.7959,19.7972,19.7979,19.7998,19.8014,19.8020,19.8032,19.8051,19.8056
15,RRRKLKFWWTTLWEEQIEETE,0.50952381,0.0,0.4762,-88546,10.075,1.3166e-04,0.1086,0.0000,6.1300,14.2469,17.9120,20.4584,20.5914,21.4451,22.2239,22.2428,22.6174,23.1360,23.1447,23.1782,23.3874,23.7463,23.7638,23.7660,23.7789,23.9450,24.2453,24.2776,24.2796,24.2825,24.4120,24.6287,24.6381,24.6621,24.6675,24.6740,24.7970,24.9607,24.9744,24.9744,24.9838,24.9894,24.9935,25.1000,25.2520,25.2761,25.2788,25.2800,25.2829,25.2843,25.3926,25.5463,25.5621,25.5663,25.5727,25.5786,25.5834,25.5862,25.5901,25.5905,25.5925,25.5970,25.5978,25.6001,25.6010,25.6022,25.6041,25.6056
16,RRKRTMLLAPLWPYWDSDDDD,0.6,0.0476,0.4286,-87817,9.45,7.4817e-05,0.1251,0.0000,0.0726,4.7007,9.5108,10.4103,10.5008,11.1872,11.7572,11.7759,12.2088,12.7007,12.7102,12.7133,12.9011,13.1006,13.1219,13.1283,13.1440,13.2804,13.4643,13.4682,13.4888,13.4957,13.6483,13.8285,13.8299,13.8335,13.8388,13.8415,13.9190,14.0636,14.0676,14.0697,14.0761,14.0828,14.0879,14.1419,14.2874,14.2960,14.2989,14.3039,14.3089,14.3098,14.4233,14.5078,14.5098,14.5137,14.5151,14.5176,14.5216,14.5242,14.5281,14.5321,14.5351,14.5386,14.5433,14.5443,14.5447,14.5467,14.5489,14.5504
17,KRRKTWMYFYWWQYYFYWMEE,0.69047619,0.0952,0.2857,-86959,11.0343,2.3195e-04,0.1183,0.0000,34.8154,38.2343,40.5031,42.0522,42.1028,42.7213,43.3249,43.3518,43.4854,43.8167,43.8269,43.8333,43.9667,44.1598,44.1827,44.1955,44.2201,44.2826,44.4222,44.4428,44.4540,44.4580,44.4828,44.5833,44.5993,44.6098,44.6234,44.6277,44.6904,44.7647,44.7720,44.7744,44.7862,44.7933,44.7983,44.8218,44.8931,44.9071,44.9109,44.9179,44.9308,44.9320,44.9713,45.0534,45.0702,45.0731,45.0817,45.0832,45.0854,45.0865,45.0889,45.0891,45.0922,45.0960,45.0969,45.1002,45.1032,45.1067,45.1084,45.1097
18,LDDDDWGLLCYLYFWCTRKKK,0.60952381,0.0,0.381,-85973,9.8302,1.1379e-04,0.128,0.0000,3.7574,13.3852,16.0559,17.3895,17.4240,18.1178,19.1259,19.1602,19.4160,20.1200,20.1539,20.1925,20.2621,20.6729,20.6907,20.6914,20.7167,20.7291,21.0422,21.0551,21.0657,21.0810,21.0829,21.3670,21.3790,21.3860,21.3941,21.4021,21.4201,21.6076,21.6223,21.6253,21.6338,21.6351,21.6383,21.6488,21.8345,21.8428,21.8441,21.8561,21.8586,21.8591,21.8617,22.0602,22.0745,22.0777,22.0883,22.0892,22.0924,22.0994,22.1010,22.1025,22.1048,22.1124,22.1136,22.1179,22.1212,22.1235,22.1264,22.1302
19,DDDMDTTLTFTCYYFYRKRRK,0.59047619,0.0476,0.4286,-85851,9.5247,7.8696e-05,0.1189,0.0000,2.2078,8.3486,10.8898,11.9953,12.0590,12.5463,13.1088,13.1400,13.4397,13.7130,13.7233,13.7465,13.8246,14.1376,14.1512,14.1532,14.1660,14.2316,14.4471,14.4575,14.4614,14.4738,14.4906,14.6579,14.6603,14.6643,14.6711,14.6780,14.7357,14.8903,14.8994,14.9005,14.9060,14.9136,14.9166,14.9381,15.0941,15.1012,15.1041,15.1071,15.1101,15.1120,15.1535,15.2640,15.2699,15.2711,15.2829,15.2841,15.2872,15.2911,15.2913,15.2924,15.2940,15.2952,15.2970,15.3000,15.3003,15.3009,15.3037,15.3049
20,RKKKRLLLLKNLHLDLDDDDL,0.533333333,0.0476,0.5238,-85389,9.3176,7.0423e-05,0.1159,0.0000,2.9892,6.0412,10.3704,11.2068,11.2805,11.7937,12.2305,12.2533,12.3710,12.6156,12.6259,12.6351,12.7340,12.8979,12.9144,12.9178,12.9282,12.9649,13.1412,13.1448,13.1561,13.1654,13.1834,13.2795,13.2833,13.2849,13.2917,13.2993,13.2995,13.4083,13.4158,13.4231,13.4257,13.4328,13.4384,13.4518,13.5293,13.5344,13.5363,13.5382,13.5401,13.5436,13.5492,13.6615,13.6642,13.6672,13.6710,13.6772,13.6802,13.6818,13.6846,13.6856,13.6880,13.6885,13.6891,13.6928,13.6943,13.6948,13.6950,13.6960
21,DDDLLLHWPLWLLTFWKKKRR,0.638095238,0.0952,0.381,-84987,10.0539,1.2447e-04,0.1208,0.0000,5.0263,12.8734,15.9419,17.6430,17.6682,19.3319,19.9720,19.9900,20.7128,21.1082,21.1179,21.1306,21.6226,21.9039,21.9052,21.9081,21.9204,22.2451,22.4748,22.4822,22.4845,22.4940,22.7468,22.9685,22.9720,22.9775,22.9799,22.9837,23.2628,23.4149,23.4221,23.4257,23.4314,23.4339,23.4378,23.5794,23.7485,23.7596,23.7720,23.7783,23.7815,23.7835,24.0347,24.1648,24.1679,24.1707,24.1790,24.1825,24.1861,24.1888,24.1941,24.1954,24.1961,24.1971,24.1984,24.2014,24.2023,24.2051,24.2057,24.2068
22,RRRRRILYYWRLYIYDLWPDD,0.676190476,0.1429,0.4286,-84955,10.3154,2.6307e-04,0.119,0.0000,27.6755,35.2118,42.1575,43.6619,43.7167,44.9754,45.7575,45.8258,47.0917,47.5607,47.5834,47.5931,48.2267,48.4990,48.5081,48.5173,48.5256,48.8888,49.1484,49.1650,49.1782,49.1832,49.4718,49.6589,49.6630,49.6719,49.6779,49.6864,49.9744,50.1840,50.1882,50.1923,50.1966,50.1991,50.2018,50.5150,50.6801,50.6863,50.6893,50.6943,50.6994,50.6999,50.9691,51.1154,51.1204,51.1229,51.1332,51.1366,51.1391,51.1418,51.1425,51.1447,51.1469,51.1490,51.1501,51.1538,51.1550,51.1584,51.1603,51.1621
23,KKKYKWYWKWYIGWFIWPDDD,0.671428571,0.0952,0.381,-84736,10.2251,1.6792e-04,0.1202,0.0000,13.5627,20.1457,25.8713,27.4167,27.4222,28.2506,28.9611,28.9708,29.5652,30.0474,30.0545,30.0700,30.4828,30.7683,30.7853,30.7920,30.7945,31.0419,31.2373,31.2462,31.2689,31.2724,31.4393,31.6640,31.6748,31.6909,31.6975,31.6996,31.9111,32.0465,32.0487,32.0497,32.0548,32.0664,32.0721,32.2289,32.3648,32.3721,32.3746,32.3829,32.3855,32.3888,32.5062,32.6193,32.6282,32.6307,32.6321,32.6335,32.6387,32.6409,32.6453,32.6457,32.6474,32.6481,32.6483,32.6496,32.6508,32.6520,32.6556,32.6563
24,TWEEEEYDWYTQWMNKKKKYK,0.519047619,0.0,0.4762,-84706,9.7011,9.7442e-05,0.123,0.0000,1.4683,7.4415,13.3258,14.4939,14.5233,15.0534,16.3957,16.4220,16.5707,17.1351,17.1555,17.1692,17.2728,17.6287,17.6388,17.6466,17.6794,17.7017,17.9442,17.9513,17.9543,17.9615,17.9677,18.2131,18.2251,18.2333,18.2397,18.2424,18.2521,18.4887,18.4910,18.4925,18.4965,18.5086,18.5098,18.5191,18.7491,18.7551,18.7594,18.7675,18.7682,18.7691,18.7728,18.9125,18.9156,18.9171,18.9247,18.9272,18.9282,18.9305,18.9313,18.9318,18.9349,18.9391,18.9410,18.9439,18.9441,18.9448,18.9499,18.9505
25,KRRRYLPWYILWLRLTWDWDD,0.676190476,0.0952,0.381,-84704,10.5987,1.2833e-04,0.1256,0.0000,11.5825,16.1735,19.0056,20.1022,20.1517,21.6659,22.1115,22.1472,22.6157,22.8874,22.8998,22.9226,23.1604,23.4475,23.4575,23.4670,23.4883,23.6732,23.8111,23.8300,23.8470,23.8511,23.9998,24.1753,24.1795,24.1865,24.1908,24.1989,24.3808,24.4920,24.4964,24.4971,24.4988,24.5044,24.5049,24.5883,24.6766,24.6817,24.6839,24.6900,24.6919,24.6935,24.7944,24.9143,24.9218,24.9253,24.9265,24.9269,24.9310,24.9344,24.9401,24.9427,24.9448,24.9455,24.9486,24.9503,24.9540,24.9544,24.9555,24.9570
26,RRRKMTFWWWTWEIEETYWEE,0.566666667,0.0476,0.4286,-84608,10.4509,1.4064e-04,0.1079,0.0000,8.6360,16.4349,19.0352,21.0433,21.1437,22.5592,23.3235,23.3516,24.0759,24.4560,24.4887,24.5486,24.9041,25.2613,25.2897,25.2903,25.2984,25.5467,25.7944,25.8286,25.8349,25.8461,26.0455,26.2452,26.2511,26.2733,26.2779,26.2889,26.4463,26.6123,26.6249,26.6263,26.6313,26.6365,26.6393,26.8017,26.9638,26.9870,26.9899,26.9947,26.9967,26.9993,27.1471,27.3018,27.3147,27.3206,27.3246,27.3270,27.3300,27.3305,27.3380,27.3394,27.3407,27.3429,27.3438,27.3482,27.3482,27.3490,27.3502,27.3511
27,DDDDDYGLYVILPIFGRKRKK,0.561904762,0.0,0.4762,-84480,9.0337,4.3425e-05,0.1161,0.0000,2.7251,5.1405,5.9628,6.4298,6.4869,6.9474,7.3160,7.3496,7.5459,7.6744,7.6765,7.6793,7.7682,7.9133,7.9157,7.9213,7.9259,7.9363,8.0304,8.0334,8.0374,8.0389,8.0621,8.1362,8.1381,8.1403,8.1407,8.1427,8.1479,8.2236,8.2239,8.2267,8.2289,8.2289,8.2326,8.2443,8.3060,8.3126,8.3163,8.3185,8.3189,8.3247,8.3359,8.4178,8.4203,8.4205,8.4237,8.4243,8.4270,8.4283,8.4289,8.4292,8.4307,8.4315,8.4323,8.4357,8.4360,8.4402,8.4449,8.4453
28,DDDVDAVFYLWLGWGKRRKKR,0.580952381,0.0952,0.4762,-84035,9.3473,9.0876e-05,0.1185,0.0000,2.2042,8.1093,11.3346,12.1810,12.2489,13.9123,14.5406,14.5604,15.0552,15.3213,15.3382,15.3487,15.7792,15.9424,15.9479,15.9545,15.9613,16.2407,16.3792,16.3954,16.4022,16.4102,16.6424,16.7538,16.7584,16.7594,16.7654,16.7674,16.9406,17.0506,17.0539,17.0562,17.0607,17.0639,17.0695,17.2791,17.3820,17.3863,17.3882,17.3926,17.3951,17.3957,17.5709,17.6431,17.6448,17.6471,17.6517,17.6529,17.6556,17.6595,17.6605,17.6608,17.6658,17.6668,17.6671,17.6681,17.6698,17.6705,17.6718,17.6737
29,KKKRYLLIQWLILQWIEQDED,0.566666667,0.0,0.381,-83994,10.3776,1.1015e-04,0.1216,0.0000,2.0731,12.0631,14.2510,16.3596,16.3782,16.9470,18.1828,18.2102,18.2670,19.1081,19.1229,19.1505,19.2553,19.7737,19.7965,19.8017,19.8138,19.8264,20.2027,20.2140,20.2237,20.2300,20.2324,20.5242,20.5274,20.5372,20.5554,20.5605,20.5682,20.8622,20.8721,20.8727,20.8763,20.8796,20.8843,20.8909,21.1118,21.1401,21.1440,21.1553,21.1574,21.1580,21.1607,21.3710,21.3767,21.3790,21.3883,21.3908,21.3917,21.3955,21.3975,21.3988,21.4021,21.4051,21.4101,21.4130,21.4157,21.4177,21.4208,21.4227
30,DDDIYYPPPYPPYYFRRFKKR,0.666666667,0.0952,0.381,-83724,9.9562,1.5892e-04,0.1255,0.0000,7.5624,15.7480,22.0407,23.9593,23.9755,25.1902,26.2351,26.3112,26.9946,27.4702,27.4747,27.5071,27.9781,28.4600,28.4689,28.4750,28.4812,28.8139,29.1446,29.1548,29.1568,29.1608,29.3927,29.5954,29.6014,29.6107,29.6220,29.6274,29.8982,30.0702,30.0778,30.0788,30.0843,30.0875,30.0888,30.2441,30.4315,30.4422,30.4516,30.4540,30.4566,30.4603,30.6539,30.8539,30.8619,30.8624,30.8682,30.8696,30.8715,30.8730,30.8749,30.8766,30.8815,30.8898,30.8959,30.8988,30.8994,30.9018,30.9033,30.9072
31,RKKRLGYLFPFWIVVDGDDDD,0.585714286,0.0476,0.4286,-83598,9.5323,8.9918e-05,0.1212,0.0000,2.4574,9.4689,11.7592,12.7691,12.8179,14.3253,14.9038,14.9097,15.2113,15.5832,15.5924,15.6081,15.8416,16.1850,16.1893,16.2012,16.2107,16.2830,16.4901,16.4967,16.5023,16.5084,16.5984,16.7509,16.7565,16.7603,16.7608,16.7716,16.8509,17.0053,17.0084,17.0091,17.0126,17.0156,17.0206,17.1413,17.2545,17.2591,17.2659,17.2699,17.2719,17.2785,17.3262,17.4403,17.4494,17.4498,17.4551,17.4568,17.4591,17.4617,17.4666,17.4680,17.4695,17.4751,17.4803,17.4824,17.4841,17.4857,17.4863,17.4874
32,DDLDLDWWGGTPWYPLKKRKR,0.60952381,0.0476,0.4286,-83485,9.5805,7.9511e-05,0.1264,0.0000,0.0427,6.1389,9.6971,11.3272,11.3366,11.6922,12.6732,12.7011,12.9244,13.5125,13.5194,13.5333,13.6171,14.0393,14.0778,14.0793,14.0887,14.1696,14.4618,14.4800,14.4847,14.4958,14.5126,14.7384,14.7412,14.7563,14.7581,14.7633,14.7966,14.9881,14.9965,15.0001,15.0074,15.0109,15.0128,15.0300,15.1790,15.1889,15.1923,15.1972,15.2038,15.2063,15.2104,15.3925,15.4078,15.4189,15.4234,15.4294,15.4360,15.4405,15.4436,15.4454,15.4475,15.4521,15.4550,15.4569,15.4582,15.4598,15.4633,15.4633
33,DLHYDDWFYLLLWRFRRFRRN,0.676190476,0.0952,0.381,-83439,10.2608,2.3335e-04,0.1255,0.0000,22.7039,31.8281,37.1780,39.3470,39.3488,40.3739,41.4887,41.5227,42.3924,42.7219,42.7266,42.7660,43.2203,43.4922,43.4946,43.5007,43.5085,43.7960,44.0029,44.0099,44.0123,44.0158,44.2385,44.4045,44.4127,44.4137,44.4182,44.4194,44.6031,44.7600,44.7638,44.7656,44.7684,44.7719,44.7731,44.9653,45.0567,45.0606,45.0624,45.0630,45.0663,45.0676,45.2242,45.3563,45.3618,45.3625,45.3647,45.3670,45.3680,45.3696,45.3712,45.3715,45.3751,45.3759,45.3765,45.3779,45.3806,45.3814,45.3816,45.3818
34,DEDMDMTLTYTWWFLITRKKK,0.580952381,0.0,0.381,-83191,10.1356,1.5545e-04,0.1285,0.0000,9.3296,19.5887,21.3573,24.1686,24.1810,24.7275,26.3295,26.3795,26.5445,27.5391,27.5573,27.6471,27.7203,28.3288,28.3847,28.3966,28.4065,28.4170,28.7869,28.8040,28.8212,28.8387,28.8540,29.2107,29.2239,29.2443,29.2484,29.2537,29.2552,29.5430,29.5614,29.5632,29.5701,29.5755,29.5797,29.5816,29.8874,29.9150,29.9259,29.9323,29.9377,29.9423,29.9515,30.1618,30.1778,30.1822,30.1861,30.1888,30.1962,30.1991,30.2058,30.2062,30.2101,30.2159,30.2202,30.2205,30.2209,30.2247,30.2300,30.2319
35,EEEELEQEQQWHELRWRRKKR,0.422857143,0.0476,0.619,-81785,9.4231,9.9228e-05,0.1097,0.0000,5.1569,10.6209,15.9263,16.2847,16.4850,17.2203,17.6397,17.6548,17.8534,18.1238,18.1331,18.1473,18.2716,18.4348,18.4420,18.4518,18.4548,18.5514,18.6978,18.7005,18.7039,18.7158,18.7589,18.8735,18.8783,18.8851,18.8877,18.8905,18.9143,18.9840,18.9863,18.9885,18.9903,18.9908,18.9946,19.0305,19.1218,19.1277,19.1306,19.1342,19.1367,19.1379,19.1636,19.2537,19.2591,19.2627,19.2642,19.2653,19.2710,19.2760,19.2794,19.2811,19.2843,19.2843,19.2862,19.2877,19.2923,19.2937,19.2974,19.2980
36,DEFEMLFFFFFWFFFFMWKKK,0.657142857,0.0,0.2857,-81775,10.9226,1.5530e-04,0.1259,0.0000,16.6260,23.9695,25.1353,27.0285,27.1503,27.3661,28.0712,28.1476,28.1999,28.6278,28.6478,28.7302,28.7687,29.0652,29.1145,29.1207,29.1514,29.1666,29.3369,29.3703,29.3873,29.4035,29.4036,29.5424,29.5456,29.5895,29.6040,29.6074,29.6093,29.7245,29.7406,29.7451,29.7528,29.7571,29.7659,29.7679,29.9282,29.9525,29.9582,29.9669,29.9819,29.9839,29.9856,30.1150,30.1426,30.1479,30.1510,30.1527,30.1554,30.1572,30.1668,30.1695,30.1740,30.1752,30.1829,30.1880,30.1950,30.1995,30.2016,30.2025
37,EEDDLMNLMLMYYMTKRRKKL,0.542857143,0.0476,0.4286,-81603,9.6625,7.4972e-05,0.1137,0.0000,0.4454,6.6325,9.2032,10.5666,10.6189,11.4318,12.0719,12.0857,12.4947,12.9195,12.9514,12.9821,13.1056,13.3976,13.4124,13.4189,13.4290,13.4959,13.6946,13.7017,13.7119,13.7193,13.7928,13.9614,13.9657,13.9901,13.9946,13.9969,14.0394,14.1491,14.1616,14.1636,14.1690,14.1735,14.1820,14.2166,14.3511,14.3670,14.3712,14.3769,14.3803,14.3813,14.4251,14.5460,14.5533,14.5552,14.5586,14.5604,14.5628,14.5646,14.5680,14.5692,14.5721,14.5734,14.5759,14.5764,14.5771,14.5776,14.5788,14.5806
38,DDDLYLWFYWWPLPPWPRKPK,0.704761905,0.0,0.2857,-81272,10.5523,1.3336e-04,0.1245,0.0000,17.9300,20.3746,22.5258,23.5833,23.6211,24.2883,24.7055,24.7304,24.8767,25.0378,25.0401,25.0607,25.1344,25.2500,25.2566,25.2661,25.2690,25.3037,25.4100,25.4190,25.4286,25.4358,25.4553,25.5600,25.5621,25.5730,25.5736,25.5781,25.6534,25.7129,25.7193,25.7257,25.7272,25.7286,25.7331,25.7744,25.8191,25.8215,25.8222,25.8249,25.8265,25.8324,25.8402,25.9035,25.9118,25.9137,25.9175,25.9190,25.9215,25.9222,25.9239,25.9250,25.9276,25.9286,25.9298,25.9315,25.9332,25.9336,25.9349,25.9365
39,DDDDLALWWLGPLRIGPRRRK,0.604761905,0.0476,0.4286,-80936,9.6187,6.3043e-05,0.1261,0.0000,1.5576,6.6627,8.3095,8.9641,8.9810,9.4882,9.9433,9.9709,10.2973,10.6841,10.6870,10.6997,10.8225,11.0458,11.0569,11.0623,11.0638,11.1628,11.3942,11.4044,11.4056,11.4113,11.4543,11.6646,11.6796,11.6867,11.6939,11.6998,11.7362,11.8737,11.8773,11.8782,11.8840,11.8889,11.8968,11.9333,12.0499,12.0546,12.0558,12.0596,12.0632,12.0654,12.0979,12.2165,12.2238,12.2281,12.2310,12.2325,12.2389,12.2427,12.2440,12.2475,12.2511,12.2519,12.2530,12.2547,12.2551,12.2559,12.2562,12.2606
40,DDEMDTTLTFTWWFLIVRKKK,0.576190476,0.0,0.381,-80749,10.1435,1.4313e-04,0.1276,0.0000,8.0378,18.8875,19.8525,22.5553,22.6761,23.0111,24.4466,24.5098,24.6715,25.3699,25.3911,25.4264,25.5163,26.0156,26.0371,26.0402,26.0719,26.1039,26.4351,26.4565,26.4723,26.4861,26.5099,26.8183,26.8332,26.8532,26.8665,26.8703,26.8998,27.1683,27.1912,27.1937,27.2003,27.2021,27.2112,27.2171,27.4790,27.4988,27.5028,27.5147,27.5255,27.5258,27.5472,27.7748,27.7886,27.7920,27.8001,27.8007,27.8060,27.8092,27.8144,27.8149,27.8171,27.8207,27.8221,27.8227,27.8249,27.8280,27.8346,27.8353
41,KKTKRYMGLYWHPWDDDYDDD,0.580952381,0.0952,0.4762,-80731,9.3332,1.1161e-04,0.113,0.0000,5.6864,11.0140,15.2581,16.2092,16.2734,17.7410,18.4799,18.5068,18.8872,19.2987,19.3120,19.3202,19.6597,19.9584,19.9666,19.9800,19.9850,20.2566,20.4447,20.4503,20.4535,20.4637,20.6345,20.7677,20.7740,20.7828,20.7920,20.7946,20.9284,21.1205,21.1218,21.1228,21.1275,21.1313,21.1355,21.3265,21.4395,21.4484,21.4521,21.4545,21.4600,21.4613,21.5609,21.6689,21.6733,21.6757,21.6801,21.6857,21.6870,21.6877,21.6911,21.6918,21.6928,21.6960,21.6989,21.6994,21.7005,21.7034,21.7047,21.7056
42,EQEEEFFMFWQQFQWKKWKKR,0.538095238,0.0476,0.4286,-79906,10.1697,1.2097e-04,0.1084,0.0000,4.2642,13.8751,16.4720,18.4499,18.4772,19.0690,20.2627,20.4210,20.5444,21.2029,21.2448,21.3473,21.4130,21.8609,21.8942,21.8983,21.9246,21.9571,22.2753,22.3117,22.3217,22.3411,22.3785,22.6601,22.6634,22.6898,22.6964,22.7033,22.7385,22.9877,23.0024,23.0033,23.0070,23.0123,23.0162,23.0373,23.2319,23.2436,23.2472,23.2557,23.2583,23.2631,23.2786,23.4564,23.4778,23.4823,23.4916,23.4927,23.4991,23.5025,23.5047,23.5051,23.5072,23.5131,23.5165,23.5194,23.5200,23.5235,23.5250,23.5268
43,YDDDDMHLTFRWMFLIPRKKK,0.6,0.0476,0.4286,-79629,10.0568,1.1034e-04,0.1268,0.0000,1.8721,11.5168,14.5041,16.0742,16.0900,17.0846,17.8346,17.8952,18.2701,18.9792,18.9999,19.0485,19.1538,19.5766,19.6142,19.6185,19.6293,19.7275,20.0646,20.0920,20.0996,20.1124,20.1616,20.4400,20.4467,20.4640,20.4749,20.4850,20.5532,20.8013,20.8191,20.8274,20.8372,20.8461,20.8494,20.8984,21.1382,21.1587,21.1640,21.1731,21.1818,21.1850,21.2249,21.3914,21.4114,21.4156,21.4210,21.4239,21.4301,21.4333,21.4340,21.4374,21.4387,21.4403,21.4421,21.4462,21.4504,21.4542,21.4562,21.4585
44,RRIRRIGCWWPWWPLWYVWDD,0.728571429,0.0952,0.2857,-79480,10.7529,1.7126e-04,0.1263,0.0000,23.6507,26.2722,28.1214,28.8545,28.8942,30.2640,30.5621,30.6455,31.1461,31.3451,31.3623,31.3806,31.7121,31.8446,31.8706,31.8742,31.8953,32.2453,32.3337,32.3477,32.3541,32.3581,32.4968,32.5917,32.5952,32.6078,32.6144,32.6168,32.7592,32.8227,32.8394,32.8414,32.8575,32.8594,32.8670,33.0604,33.1167,33.1340,33.1373,33.1386,33.1430,33.1464,33.2133,33.2686,33.2753,33.2788,33.2826,33.2848,33.2873,33.2905,33.2965,33.2973,33.2979,33.2997,33.3024,33.3035,33.3037,33.3048,33.3070,33.3075
45,RMRKKKFKWMTKWTEETEEEE,0.427142857,0.0476,0.619,-79370,9.5687,8.3752e-05,0.1133,0.0000,1.0018,6.5536,11.5838,12.3323,12.3860,13.0362,13.9747,13.9909,14.2191,14.6688,14.7100,14.7159,14.7718,15.1351,15.1626,15.1709,15.1889,15.2223,15.4654,15.4701,15.4759,15.4824,15.4888,15.6974,15.7010,15.7050,15.7097,15.7151,15.7376,15.8783,15.8795,15.8838,15.8927,15.8985,15.9031,15.9461,16.0891,16.0971,16.0991,16.1033,16.1104,16.1112,16.1237,16.2360,16.2384,16.2461,16.2524,16.2539,16.2546,16.2565,16.2640,16.2659,16.2689,16.2708,16.2712,16.2754,16.2761,16.2806,16.2869,16.2882
46,DDDMQAFLTFTWWYLIMRKKK,0.619047619,0.0476,0.3333,-79067,10.4094,1.3581e-04,0.1287,0.0000,8.1110,15.1905,17.6578,21.0053,21.0376,21.4753,22.5807,22.6138,23.0869,23.7197,23.7389,23.8147,24.0266,24.4595,24.4999,24.5021,24.5098,24.5871,24.8910,24.9225,24.9277,24.9372,25.0112,25.3604,25.3659,25.3825,25.3914,25.3981,25.4524,25.6902,25.7095,25.7135,25.7176,25.7223,25.7279,25.8021,26.0407,26.0582,26.0674,26.0747,26.0817,26.0840,26.1392,26.3447,26.3571,26.3592,26.3676,26.3702,26.3744,26.3767,26.3819,26.3829,26.3883,26.3929,26.3957,26.4016,26.4037,26.4066,26.4119,26.4123
47,RRRKTTTWYWTFWPEEFVDEF,0.595238095,0.0,0.381,-79035,10.3114,1.4315e-04,0.1207,0.0000,7.1938,17.1700,19.4896,21.7412,21.8219,23.1046,24.0175,24.0994,24.6768,25.1694,25.2044,25.2449,25.5637,25.8835,25.9045,25.9084,25.9231,26.1081,26.3963,26.4204,26.4352,26.4547,26.6050,26.8296,26.8395,26.8605,26.8715,26.8758,26.9901,27.1577,27.1679,27.1720,27.1882,27.1963,27.2005,27.2626,27.4161,27.4374,27.4411,27.4567,27.4602,27.4605,27.5952,27.7713,27.7870,27.7954,27.8041,27.8063,27.8123,27.8157,27.8195,27.8225,27.8242,27.8286,27.8307,27.8337,27.8358,27.8370,27.8380,27.8391
48,KMRKRFYWQHFYEWEQEEEWQ,0.542857143,0.0476,0.4286,-78499,10.2136,1.7711e-04,0.1141,0.0000,12.0803,20.2836,27.2041,29.0838,29.1027,30.0806,30.9286,30.9795,31.5124,32.1360,32.1513,32.1891,32.4579,32.7302,32.7317,32.7355,32.7431,32.9167,33.1859,33.1921,33.1963,33.1974,33.3547,33.5288,33.5309,33.5320,33.5340,33.5388,33.7383,33.8690,33.8756,33.8805,33.8839,33.8881,33.8913,34.0587,34.1943,34.2095,34.2127,34.2142,34.2175,34.2205,34.3129,34.4101,34.4148,34.4165,34.4186,34.4215,34.4245,34.4255,34.4289,34.4312,34.4332,34.4338,34.4350,34.4384,34.4392,34.4398,34.4403,34.4442
49,EEEEWIHYTTYWYYFYIKPRK,0.604761905,0.0476,0.3333,-78292,10.7373,1.9365e-04,0.1202,0.0000,20.4948,27.6285,30.2486,32.4985,32.6253,33.1952,34.3270,34.4703,34.6192,35.2547,35.2766,35.3509,35.4854,35.8295,35.8849,35.8853,35.9031,35.9929,36.3198,36.3591,36.3678,36.3715,36.4372,36.7046,36.7262,36.7535,36.7695,36.7744,36.8178,36.9918,37.0316,37.0322,37.0418,37.0467,37.0545,37.0983,37.2647,37.2997,37.3017,37.3079,37.3150,37.3180,37.3697,37.5696,37.6086,37.6147,37.6204,37.6244,37.6277,37.6338,37.6366,37.6376,37.6442,37.6453,37.6488,37.6536,37.6541,37.6611,37.6619,37.6621
50,RRRRRTTYYTYLPTAPPDDDD,0.6,0.0476,0.4286,-77862,9.4103,7.1696e-05,0.121,0.0000,2.9770,8.1648,9.3218,9.8594,9.9169,11.0152,11.5965,11.6315,11.9284,12.2669,12.2719,12.2772,12.5055,12.7396,12.7466,12.7580,12.7650,12.8497,13.0911,13.0995,13.1086,13.1146,13.1576,13.3213,13.3271,13.3318,13.3359,13.3412,13.3985,13.5074,13.5116,13.5177,13.5215,13.5259,13.5327,13.5647,13.6736,13.6813,13.6850,13.6912,13.6991,13.7026,13.7698,13.8882,13.8930,13.8993,13.9014,13.9034,13.9123,13.9151,13.9187,13.9194,13.9230,13.9252,13.9304,13.9314,13.9380,13.9405,13.9423,13.9435
51,DDDDDLWFIFMPWMYTTTRRK,0.60952381,0.0952,0.381,-77860,9.9825,1.5262e-04,0.1155,0.0000,12.8621,19.7322,23.3727,24.9044,24.9093,25.8461,26.4521,26.4780,27.0907,27.4125,27.4269,27.4515,27.7151,27.9614,27.9905,28.0037,28.0180,28.1852,28.4357,28.4515,28.4622,28.4638,28.6265,28.7584,28.7630,28.7784,28.7843,28.7879,28.8957,29.0268,29.0366,29.0374,29.0419,29.0497,29.0566,29.2023,29.3344,29.3580,29.3609,29.3676,29.3735,29.3737,29.5016,29.6241,29.6458,29.6474,29.6490,29.6508,29.6528,29.6563,29.6602,29.6620,29.6630,29.6673,29.6739,29.6757,29.6767,29.6795,29.6804,29.6807
52,RRRRKKFKGCTLWAEEEEGEE,0.424285714,0.0476,0.619,-77832,9.0239,7.6039e-05,0.1101,0.0000,2.6495,5.4027,11.2476,12.4321,12.4576,12.8455,13.4160,13.4318,13.5538,13.9427,13.9541,13.9652,14.0063,14.1483,14.1534,14.1565,14.1591,14.1702,14.2734,14.2796,14.2835,14.2968,14.3082,14.4093,14.4246,14.4272,14.4283,14.4301,14.4364,14.5548,14.5637,14.5641,14.5741,14.5755,14.5786,14.5990,14.6644,14.6691,14.6714,14.6749,14.6780,14.6794,14.6822,14.7631,14.7689,14.7697,14.7710,14.7730,14.7792,14.7806,14.7808,14.7815,14.7823,14.7832,14.7845,14.7860,14.7870,14.7874,14.7880,14.7881
53,DDDDDYWYPYPWPPFYKGRIK,0.642857143,0.0952,0.381,-77669,9.9417,1.1781e-04,0.1161,0.0000,8.8384,14.3983,17.5357,19.0405,19.0760,19.6184,20.3519,20.3880,20.6439,20.9945,21.0237,21.0555,21.2014,21.4484,21.4555,21.4794,21.4902,21.5976,21.8144,21.8405,21.8514,21.8664,21.9554,22.1780,22.1897,22.2106,22.2148,22.2180,22.2838,22.4111,22.4190,22.4222,22.4373,22.4410,22.4451,22.4948,22.6433,22.6598,22.6639,22.6745,22.6786,22.6793,22.7081,22.8571,22.8663,22.8696,22.8763,22.8805,22.8846,22.8863,22.8927,22.8937,22.8976,22.8984,22.9007,22.9050,22.9054,22.9079,22.9112,22.9123
54,RTRFRRFKTQTYWIEETEEEE,0.465714286,0.0476,0.5238,-77612,9.7548,1.5553e-04,0.1212,0.0000,3.7480,16.5463,21.3390,24.1171,24.2088,24.6515,26.3877,26.4418,26.7783,27.6299,27.6525,27.6639,27.7521,28.2794,28.2968,28.3087,28.3128,28.3842,28.8310,28.8474,28.8588,28.8715,28.9257,29.2497,29.2544,29.2669,29.2772,29.2853,29.3139,29.5811,29.5940,29.5977,29.6017,29.6087,29.6125,29.6333,29.8973,29.9170,29.9194,29.9289,29.9367,29.9394,29.9723,30.2008,30.2111,30.2170,30.2195,30.2216,30.2240,30.2273,30.2323,30.2334,30.2358,30.2368,30.2386,30.2394,30.2408,30.2436,30.2473,30.2485
55,DDDTDTTLVYYYTTLLYKRKR,0.59047619,0.0,0.381,-77552,9.9605,8.4389e-05,0.1269,0.0000,3.1216,9.5971,10.0891,11.9165,11.9560,12.8396,13.5971,13.6961,13.7850,14.3601,14.3749,14.4327,14.5496,14.9530,14.9708,14.9846,15.0241,15.0479,15.3283,15.3561,15.3641,15.3774,15.3888,15.6385,15.6487,15.6891,15.7045,15.7068,15.7070,15.9032,15.9242,15.9261,15.9345,15.9430,15.9486,15.9522,16.1403,16.1628,16.1654,16.1757,16.1819,16.1831,16.1887,16.3403,16.3586,16.3617,16.3679,16.3711,16.3798,16.3812,16.3903,16.3917,16.3977,16.4016,16.4026,16.4049,16.4059,16.4070,16.4104,16.4120
56,RRRKKFFMHNHLTAEEMEEEW,0.5,0.0,0.4762,-77407,9.6562,7.5542e-05,0.1163,0.0000,0.7733,5.7132,10.0145,11.1092,11.1711,12.0543,12.6920,12.7243,12.8570,13.2396,13.2413,13.2680,13.3969,13.6657,13.6746,13.6775,13.6903,13.7421,13.8935,13.9187,13.9249,13.9273,13.9612,14.1084,14.1189,14.1358,14.1418,14.1496,14.1700,14.3058,14.3181,14.3232,14.3299,14.3340,14.3364,14.3673,14.4858,14.5035,14.5073,14.5127,14.5167,14.5198,14.5303,14.6463,14.6604,14.6665,14.6723,14.6730,14.6750,14.6759,14.6784,14.6785,14.6795,14.6816,14.6822,14.6830,14.6841,14.6845,14.6901,14.6915
57,IRRKKNFKWQTLWAEETEEEE,0.44952381,0.0476,0.5238,-77371,9.5728,1.0692e-04,0.113,0.0000,1.9452,11.0730,15.0291,16.2700,16.2716,16.6977,17.8596,17.8977,18.1180,18.7539,18.7793,18.7884,18.9170,19.3149,19.3287,19.3354,19.3601,19.4276,19.7081,19.7310,19.7383,19.7396,19.7721,19.9759,19.9795,19.9878,19.9994,20.0029,20.0346,20.2776,20.2817,20.2839,20.2867,20.2957,20.3005,20.3302,20.4862,20.4978,20.5061,20.5077,20.5106,20.5125,20.5479,20.7560,20.7590,20.7641,20.7687,20.7712,20.7763,20.7771,20.7796,20.7797,20.7817,20.7876,20.7883,20.7909,20.7912,20.7936,20.7944,20.7945
58,RKKKIPPWIPGYWADYWGDDD,0.623809524,0.0,0.381,-77276,9.9376,8.7156e-05,0.1282,0.0000,3.3228,9.3577,11.3521,13.3611,13.3971,13.8520,14.5650,14.6094,14.7256,15.1587,15.1715,15.1928,15.2648,15.7178,15.7462,15.7554,15.7724,15.7868,16.0487,16.0616,16.0670,16.0734,16.1015,16.2952,16.3054,16.3227,16.3273,16.3302,16.3410,16.5193,16.5354,16.5383,16.5416,16.5490,16.5518,16.5552,16.7167,16.7247,16.7297,16.7328,16.7351,16.7379,16.7479,16.8936,16.9011,16.9107,16.9132,16.9165,16.9212,16.9240,16.9297,16.9334,16.9373,16.9398,16.9454,16.9459,16.9468,16.9473,16.9497,16.9503
59,DEDDDSIPLTLGTYHWTKRRR,0.557142857,0.0476,0.4286,-77195,9.4285,1.2359e-04,0.1184,0.0000,12.0487,17.2047,19.8854,20.5483,20.5770,21.1068,21.7191,21.7505,22.0370,22.4289,22.4463,22.4526,22.5935,22.8658,22.8771,22.8797,22.8819,22.9438,23.1110,23.1238,23.1278,23.1290,23.2127,23.3447,23.3477,23.3597,23.3722,23.3779,23.4348,23.6086,23.6178,23.6195,23.6270,23.6360,23.6381,23.6633,23.7786,23.7845,23.7894,23.7930,23.7941,23.7984,23.8741,23.9888,23.9951,23.9995,24.0023,24.0074,24.0096,24.0149,24.0172,24.0175,24.0199,24.0232,24.0270,24.0283,24.0307,24.0338,24.0356,24.0359
60,MRRKKKFKWQTLWIEFTEEEE,0.480952381,0.0476,0.5238,-77055,9.6877,7.8942e-05,0.1158,0.0000,1.6333,7.3208,10.9516,12.0698,12.0926,12.8219,13.5122,13.5222,13.6713,14.0166,14.0209,14.0405,14.1469,14.3384,14.3483,14.3552,14.3647,14.4179,14.5939,14.5981,14.5987,14.6019,14.6485,14.8403,14.8531,14.8563,14.8572,14.8606,14.8827,15.0227,15.0247,15.0273,15.0283,15.0299,15.0337,15.0503,15.1652,15.1707,15.1722,15.1754,15.1774,15.1778,15.2070,15.3137,15.3170,15.3185,15.3216,15.3240,15.3255,15.3286,15.3298,15.3310,15.3316,15.3344,15.3391,15.3414,15.3424,15.3490,15.3527,15.3528
61,RRRKKRFMWTTTAFPETEEEE,0.476190476,0.0476,0.5238,-77030,9.3631,6.6721e-05,0.1192,0.0000,3.3937,6.8407,9.7395,10.1166,10.2274,10.9416,11.4211,11.4445,11.6246,11.9579,11.9657,11.9674,12.0221,12.2318,12.2472,12.2484,12.2516,12.2735,12.3939,12.3964,12.3978,12.4020,12.4195,12.5427,12.5434,12.5470,12.5500,12.5518,12.5898,12.7091,12.7204,12.7228,12.7264,12.7279,12.7304,12.7345,12.8387,12.8448,12.8465,12.8480,12.8484,12.8486,12.8609,12.9512,12.9558,12.9568,12.9602,12.9606,12.9619,12.9630,12.9632,12.9648,12.9684,12.9694,12.9702,12.9714,12.9727,12.9745,12.9747,12.9759
62,DDDYLYYLDLYQLLLLRLRRR,0.633333333,0.0,0.381,-76980,10.315,1.0988e-04,0.1289,0.0000,2.2045,11.2731,14.2040,16.5646,16.5789,17.0484,18.2619,18.3239,18.4338,19.1153,19.1260,19.1745,19.3129,19.8126,19.8293,19.8425,19.8529,19.8745,20.1689,20.1884,20.1989,20.2056,20.2162,20.4909,20.5055,20.5186,20.5237,20.5283,20.5360,20.8014,20.8188,20.8193,20.8269,20.8311,20.8358,20.8458,21.0486,21.0767,21.0816,21.0925,21.0937,21.0943,21.0984,21.3078,21.3217,21.3300,21.3331,21.3402,21.3448,21.3495,21.3530,21.3549,21.3567,21.3582,21.3629,21.3646,21.3660,21.3685,21.3699,21.3702
63,KKKYKSWLLLLYLLILWDDWD,0.642857143,0.0476,0.3333,-76148,10.4531,1.1461e-04,0.119,0.0000,8.1399,14.9624,16.6364,18.4686,18.5218,19.0433,19.8762,19.9049,20.1035,20.6185,20.6327,20.6622,20.7200,21.0039,21.0452,21.0516,21.0594,21.1362,21.3531,21.3774,21.3834,21.3945,21.4276,21.6340,21.6383,21.6464,21.6534,21.6608,21.7024,21.8439,21.8570,21.8586,21.8715,21.8762,21.8800,21.9002,22.0358,22.0524,22.0572,22.0631,22.0672,22.0678,22.0900,22.2426,22.2550,22.2590,22.2612,22.2646,22.2664,22.2675,22.2699,22.2714,22.2737,22.2773,22.2797,22.2828,22.2834,22.2845,22.2894,22.2901
64,KKRKKMFKWQTLGAEETEEEE,0.40952381,0.0,0.5714,-75975,9.3171,6.8518e-05,0.1108,0.0000,1.9722,6.4162,9.9286,10.7227,10.7465,11.0893,11.7170,11.7732,11.9308,12.2751,12.2868,12.2884,12.3243,12.5250,12.5457,12.5496,12.5582,12.5595,12.7452,12.7569,12.7601,12.7642,12.7799,12.9040,12.9085,12.9205,12.9214,12.9221,12.9248,13.0528,13.0579,13.0589,13.0611,13.0656,13.0661,13.0713,13.1834,13.1922,13.1946,13.2019,13.2045,13.2050,13.2106,13.2954,13.3018,13.3036,13.3087,13.3101,13.3108,13.3114,13.3140,13.3146,13.3167,13.3192,13.3200,13.3217,13.3239,13.3243,13.3248,13.3255
65,WRKKNGWTTVLYYYYDWDDDD,0.623809524,0.0952,0.381,-75232,9.9569,1.8824e-04,0.1256,0.0000,5.9713,18.3220,25.8840,27.8521,27.8821,30.0589,31.1309,31.1611,32.1823,33.0128,33.0286,33.0413,33.5949,33.9968,34.0031,34.0098,34.0186,34.3199,34.6075,34.6190,34.6262,34.6342,34.8755,35.1769,35.1796,35.1927,35.1973,35.2121,35.4134,35.6249,35.6318,35.6350,35.6353,35.6397,35.6467,35.8864,36.0873,36.0988,36.1016,36.1071,36.1109,36.1121,36.3291,36.5560,36.5750,36.5764,36.5810,36.5817,36.5846,36.5877,36.5899,36.5910,36.5933,36.5940,36.5978,36.6007,36.6024,36.6040,36.6058,36.6088
66,KRRYRINLYYISMVDDGDLDD,0.580952381,0.0476,0.4286,-74973,9.7243,1.5045e-04,0.1223,0.0000,5.3877,15.1897,19.6507,21.5200,21.5623,23.4137,24.4814,24.5209,25.2592,25.9825,26.0033,26.0310,26.3594,26.8026,26.8174,26.8264,26.8308,27.1565,27.4479,27.4678,27.4759,27.4893,27.6947,28.0034,28.0120,28.0239,28.0382,28.0413,28.2016,28.4608,28.4814,28.4815,28.4895,28.4923,28.5007,28.6326,28.8422,28.8584,28.8669,28.8737,28.8795,28.8803,29.0203,29.2085,29.2190,29.2212,29.2271,29.2328,29.2361,29.2387,29.2395,29.2403,29.2444,29.2470,29.2481,29.2541,29.2559,29.2575,29.2586,29.2588
67,KKNKKKLLLLLIYILEDDYDY,0.561904762,0.0476,0.4286,-74785,10.0311,1.1471e-04,0.1122,0.0000,4.5749,13.8201,17.1811,18.4827,18.4988,19.0179,19.9139,19.9332,19.9938,20.4975,20.5153,20.5322,20.5689,20.9479,20.9578,20.9613,20.9719,20.9794,21.2735,21.2869,21.2950,21.3040,21.3300,21.5691,21.5718,21.5852,21.5877,21.5913,21.5988,21.7806,21.7945,21.7978,21.7991,21.7998,21.8054,21.8088,22.0003,22.0130,22.0157,22.0189,22.0240,22.0266,22.0299,22.2550,22.2669,22.2694,22.2725,22.2742,22.2789,22.2821,22.2832,22.2869,22.2926,22.2989,22.3003,22.3015,22.3023,22.3034,22.3066,22.3084
68,DDDDDFLNNINNWLNRNRRKN,0.552380952,0.0476,0.4286,-74404,9.5118,9.5774e-05,0.1221,0.0000,6.6553,11.3206,14.6858,15.4593,15.4903,15.9074,16.7285,16.7928,16.8979,17.3659,17.3752,17.4247,17.4757,17.7092,17.7171,17.7195,17.7311,17.7445,17.9231,17.9305,17.9383,17.9399,17.9512,18.1090,18.1124,18.1227,18.1318,18.1352,18.1387,18.2986,18.3045,18.3056,18.3120,18.3185,18.3211,18.3286,18.4435,18.4561,18.4581,18.4664,18.4683,18.4699,18.4789,18.5841,18.5928,18.5964,18.6026,18.6048,18.6084,18.6108,18.6119,18.6150,18.6155,18.6170,18.6183,18.6202,18.6213,18.6224,18.6248,18.6263
69,DWDDGLLIPIWIIWIRIKWRR,0.666666667,0.0476,0.3333,-73763,10.6323,1.2297e-04,0.1287,0.0000,4.1592,13.9786,16.1023,18.0873,18.1252,18.9054,19.9403,20.0918,20.5603,21.1825,21.1952,21.2868,21.5489,21.9595,21.9764,21.9900,22.0317,22.1756,22.4833,22.5235,22.5316,22.5445,22.6410,22.9194,22.9286,22.9531,22.9673,22.9690,23.0487,23.2474,23.2693,23.2700,23.2810,23.2842,23.2925,23.3471,23.5727,23.5928,23.5971,23.5989,23.6051,23.6081,23.6747,23.8343,23.8588,23.8639,23.8680,23.8720,23.8775,23.8809,23.8836,23.8845,23.8874,23.8906,23.8952,23.9060,23.9074,23.9112,23.9144,23.9148
70,DDDPDYPIYIGMIPYIRRCRR,0.623809524,0.0,0.381,-73181,9.8877,1.0535e-04,0.1315,0.0000,2.9370,11.2390,13.2540,15.2764,15.3345,15.7834,16.9861,17.0938,17.3721,18.1649,18.1927,18.2555,18.3401,18.7131,18.7553,18.7796,18.7990,18.8185,19.1770,19.2078,19.2345,19.2432,19.2678,19.5624,19.5852,19.6029,19.6127,19.6202,19.6221,19.8820,19.9103,19.9124,19.9200,19.9233,19.9397,19.9407,20.1428,20.1633,20.1690,20.1842,20.1919,20.1920,20.2053,20.4301,20.4514,20.4550,20.4593,20.4609,20.4672,20.4681,20.4707,20.4717,20.4738,20.4752,20.4774,20.4793,20.4807,20.4841,20.4869,20.4893
71,DDDIDIILAPVWWIIWLPRKK,0.633333333,0.0476,0.3333,-73166,10.4613,2.6917e-04,0.1269,0.0000,33.4741,41.7026,44.5971,46.7577,46.8579,47.8145,48.7426,48.8166,49.1098,49.6055,49.6230,49.6841,50.0003,50.4403,50.4954,50.5031,50.5149,50.7142,50.9205,50.9522,50.9595,50.9714,51.0691,51.2919,51.3090,51.3407,51.3475,51.3545,51.4445,51.6591,51.6853,51.6916,51.7002,51.7033,51.7117,51.8038,51.9693,51.9977,52.0020,52.0073,52.0175,52.0185,52.0872,52.2649,52.2902,52.2916,52.3066,52.3083,52.3144,52.3182,52.3224,52.3262,52.3284,52.3306,52.3336,52.3362,52.3377,52.3402,52.3421,52.3481
72,TWDDPWPYTWPYYWWPWPKKK,0.733333333,0.0476,0.2381,-72202,10.7726,2.2246e-04,0.1432,0.0000,28.9171,32.9005,37.5186,39.1561,39.1634,39.9654,40.5065,40.5494,41.0686,41.3649,41.3709,41.4066,41.7051,41.8569,41.8615,41.8639,41.8691,42.0908,42.2394,42.2492,42.2528,42.2538,42.3922,42.4728,42.4798,42.4852,42.4875,42.4909,42.6268,42.7350,42.7419,42.7452,42.7491,42.7526,42.7528,42.8589,42.9503,42.9645,42.9664,42.9688,42.9695,42.9732,43.1741,43.2333,43.2353,43.2385,43.2421,43.2439,43.2441,43.2443,43.2467,43.2484,43.2514,43.2519,43.2549,43.2578,43.2600,43.2631,43.2638,43.2642
73,LWDDHWWLLIYLLLFLLRRKW,0.714285714,0.0476,0.2381,-72132,11.1271,1.8935e-04,0.1448,0.0000,20.6163,25.2171,30.6087,32.1671,32.1817,33.2208,33.8916,33.9058,34.3412,34.7657,34.7766,34.7942,35.1509,35.3260,35.3285,35.3297,35.3328,35.5008,35.7153,35.7252,35.7272,35.7328,35.8728,35.9838,35.9864,35.9995,36.0025,36.0064,36.1221,36.2552,36.2590,36.2628,36.2637,36.2655,36.2657,36.3867,36.5122,36.5186,36.5212,36.5249,36.5266,36.5269,36.6739,36.7930,36.7995,36.8001,36.8021,36.8048,36.8050,36.8065,36.8101,36.8112,36.8137,36.8150,36.8157,36.8171,36.8177,36.8196,36.8218,36.8246
74,RRIKRYLLFNLLILTNVEDDD,0.576190476,0.0,0.381,-71391,10.232,1.3193e-04,0.1317,0.0000,1.3260,14.3956,16.3960,19.3589,19.3886,19.7039,21.2192,21.3567,21.4725,22.3579,22.3938,22.5085,22.5944,23.3218,23.3950,23.4093,23.4501,23.4849,23.9415,23.9818,24.0132,24.0273,24.0384,24.4276,24.4522,24.4918,24.4974,24.5192,24.5254,24.8256,24.8507,24.8526,24.8735,24.8860,24.8933,24.8937,25.1831,25.2157,25.2243,25.2346,25.2455,25.2508,25.2638,25.5522,25.5709,25.5782,25.5921,25.6012,25.6137,25.6167,25.6197,25.6217,25.6279,25.6318,25.6377,25.6440,25.6481,25.6514,25.6555,25.6585
